distribution,true_alpha,trial_id,k,gamma_hat,alpha_hat
"Uniform(0,1)",1.0,0,25,1.0251669454511114,0.9754508808903929
"Uniform(0,1)",1.0,0,50,0.9491820841657642,1.053538637825112
"Uniform(0,1)",1.0,0,75,0.9864476068475901,1.013738583841994
"Uniform(0,1)",1.0,0,100,1.0119077831102081,0.9882323435900372
"Uniform(0,1)",1.0,0,125,0.9766358154646644,1.0239231289344222
"Uniform(0,1)",1.0,0,150,0.9614064997095628,1.040142749505122
"Uniform(0,1)",1.0,0,200,0.9771717951621781,1.0233615060840282
"Uniform(0,1)",1.0,0,250,0.976921419966706,1.0236237834093969
"Uniform(0,1)",1.0,1,25,1.1945086317932658,0.8371643145840996
"Uniform(0,1)",1.0,1,50,1.1094080851521606,0.9013815685892043
"Uniform(0,1)",1.0,1,75,1.0826046731634689,0.9236982111650317
"Uniform(0,1)",1.0,1,100,1.0992765855087798,0.9096891657500087
"Uniform(0,1)",1.0,1,125,1.0914637525039759,0.9162008337023151
"Uniform(0,1)",1.0,1,150,1.0664290426779535,0.9377088957450551
"Uniform(0,1)",1.0,1,200,1.045425665082107,0.9565481634903814
"Uniform(0,1)",1.0,1,250,0.9951636739319975,1.0048598297894995
"Uniform(0,1)",1.0,2,25,0.8864464809163601,1.1280996896352438
"Uniform(0,1)",1.0,2,50,0.8710366668079216,1.1480572955265924
"Uniform(0,1)",1.0,2,75,0.91890337379045,1.0882537038416007
"Uniform(0,1)",1.0,2,100,0.930675026923931,1.0744889151105752
"Uniform(0,1)",1.0,2,125,0.9259930748442557,1.079921683181261
"Uniform(0,1)",1.0,2,150,0.9706720906405174,1.0302140235021386
"Uniform(0,1)",1.0,2,200,0.9720323689039095,1.028772324863654
"Uniform(0,1)",1.0,2,250,0.9675557608718063,1.0335321646981463
"Uniform(0,1)",1.0,3,25,1.2112176971305901,0.8256154136197226
"Uniform(0,1)",1.0,3,50,1.3551557318406984,0.7379225697121224
"Uniform(0,1)",1.0,3,75,1.1774961239737118,0.8492596957561837
"Uniform(0,1)",1.0,3,100,1.1432658297691314,0.8746872109367057
"Uniform(0,1)",1.0,3,125,1.113464805448789,0.8980975376199194
"Uniform(0,1)",1.0,3,150,1.1119253767056714,0.8993409278621958
"Uniform(0,1)",1.0,3,200,1.1375170049887826,0.8791077369519071
"Uniform(0,1)",1.0,3,250,1.0940631266380065,0.9140240408914455
"Uniform(0,1)",1.0,4,25,0.7393017301708272,1.3526277015054926
"Uniform(0,1)",1.0,4,50,0.7402307732792122,1.3509300560013382
"Uniform(0,1)",1.0,4,75,0.818787380568162,1.2213182857142881
"Uniform(0,1)",1.0,4,100,0.7709037146690959,1.297178857711487
"Uniform(0,1)",1.0,4,125,0.7496171327682796,1.334014333833427
"Uniform(0,1)",1.0,4,150,0.7822141915749554,1.278422215770008
"Uniform(0,1)",1.0,4,200,0.8638552939943449,1.1576012868731071
"Uniform(0,1)",1.0,4,250,0.9007339896775348,1.1102056894266894
"Uniform(0,1)",1.0,5,25,0.6900964695063186,1.4490727661820675
"Uniform(0,1)",1.0,5,50,0.9066475302685844,1.102964455992905
"Uniform(0,1)",1.0,5,75,0.9007551040907229,1.110179665325861
"Uniform(0,1)",1.0,5,100,0.8684753567705391,1.1514431494274526
"Uniform(0,1)",1.0,5,125,0.885002274232543,1.1299405991551614
"Uniform(0,1)",1.0,5,150,0.8706852738409036,1.1485206308688822
"Uniform(0,1)",1.0,5,200,0.8996385916464201,1.1115574735071219
"Uniform(0,1)",1.0,5,250,0.8881671090990153,1.1259142449154997
"Uniform(0,1)",1.0,6,25,1.2043604363804878,0.8303162158044145
"Uniform(0,1)",1.0,6,50,1.0190530040782115,0.9813032256399205
"Uniform(0,1)",1.0,6,75,0.9087818910368247,1.1003740389887227
"Uniform(0,1)",1.0,6,100,0.9549325823347108,1.0471943449192027
"Uniform(0,1)",1.0,6,125,0.9471947633822897,1.0557490799771219
"Uniform(0,1)",1.0,6,150,0.9500867916370033,1.052535419713599
"Uniform(0,1)",1.0,6,200,0.9196338267295335,1.0873893183728032
"Uniform(0,1)",1.0,6,250,0.9450262076371994,1.058171711978495
"Uniform(0,1)",1.0,7,25,0.9614141077857857,1.0401345184158788
"Uniform(0,1)",1.0,7,50,0.9604577030761754,1.0411702637161195
"Uniform(0,1)",1.0,7,75,1.089707382933983,0.9176775487264753
"Uniform(0,1)",1.0,7,100,1.0856399846189617,0.9211156683317816
"Uniform(0,1)",1.0,7,125,1.0751865822249393,0.9300711304736041
"Uniform(0,1)",1.0,7,150,1.049392150096263,0.9529326095190133
"Uniform(0,1)",1.0,7,200,0.9817889912336504,1.0185488011466364
"Uniform(0,1)",1.0,7,250,0.9577594438849453,1.0441035130321608
"Uniform(0,1)",1.0,8,25,0.8697981426819252,1.1496920387949001
"Uniform(0,1)",1.0,8,50,0.8060659660861105,1.2405932542413929
"Uniform(0,1)",1.0,8,75,0.8985494690536586,1.1129047809167234
"Uniform(0,1)",1.0,8,100,1.029200722418925,0.9716277672733316
"Uniform(0,1)",1.0,8,125,0.992751115501887,1.007301814508109
"Uniform(0,1)",1.0,8,150,0.9886923691259365,1.0114369557479848
"Uniform(0,1)",1.0,8,200,0.9429491215623088,1.0605026052128532
"Uniform(0,1)",1.0,8,250,0.9919342647863384,1.0081313202900586
"Uniform(0,1)",1.0,9,25,1.3368944119063673,0.748002228967382
"Uniform(0,1)",1.0,9,50,1.1456335069229329,0.8728794976378692
"Uniform(0,1)",1.0,9,75,1.0327831418817532,0.9682574777295244
"Uniform(0,1)",1.0,9,100,1.0194394768087711,0.9809312104828195
"Uniform(0,1)",1.0,9,125,1.003383310581197,0.9966280976118318
"Uniform(0,1)",1.0,9,150,1.037451263356002,0.9639007009978929
"Uniform(0,1)",1.0,9,200,1.0164703570123796,0.9837965200866364
"Uniform(0,1)",1.0,9,250,0.9829306733223245,1.0173657483085565
"Uniform(0,1)",1.0,10,25,1.0914451859941645,0.9162164191407653
"Uniform(0,1)",1.0,10,50,1.0858178922927655,0.9209647465731512
"Uniform(0,1)",1.0,10,75,1.0540679073641663,0.9487054799919199
"Uniform(0,1)",1.0,10,100,1.105219530704503,0.9047976191323432
"Uniform(0,1)",1.0,10,125,1.0447716725866856,0.9571469309884348
"Uniform(0,1)",1.0,10,150,0.9956542116404298,1.0043647566682916
"Uniform(0,1)",1.0,10,200,1.100295936615082,0.9088463991572764
"Uniform(0,1)",1.0,10,250,1.0698542806418285,0.9347067335189597
"Uniform(0,1)",1.0,11,25,1.193681720288464,0.8377442520928786
"Uniform(0,1)",1.0,11,50,1.0619804733878844,0.9416368992264453
"Uniform(0,1)",1.0,11,75,1.0981463657939008,0.9106254240317535
"Uniform(0,1)",1.0,11,100,1.0322874379452947,0.9687224345095579
"Uniform(0,1)",1.0,11,125,0.9881404643580194,1.0120018722739845
"Uniform(0,1)",1.0,11,150,0.9880494806723796,1.01209506159498
"Uniform(0,1)",1.0,11,200,1.0373501077994904,0.9639946942515671
"Uniform(0,1)",1.0,11,250,1.0257368524055328,0.9749089131923306
"Uniform(0,1)",1.0,12,25,1.0938788076213823,0.9141780543079356
"Uniform(0,1)",1.0,12,50,0.8904103565872336,1.123077682780782
"Uniform(0,1)",1.0,12,75,0.973060031840829,1.0276858233589208
"Uniform(0,1)",1.0,12,100,0.9486911780900137,1.0540837978627413
"Uniform(0,1)",1.0,12,125,0.9239349224224287,1.0823273108652927
"Uniform(0,1)",1.0,12,150,0.9939348558461554,1.0061021546011497
"Uniform(0,1)",1.0,12,200,1.0294883346867882,0.9713563197432832
"Uniform(0,1)",1.0,12,250,0.9968319265253741,1.0031781420621917
"Uniform(0,1)",1.0,13,25,1.264273459205228,0.7909681190560144
"Uniform(0,1)",1.0,13,50,1.024417928282596,0.9761640951329972
"Uniform(0,1)",1.0,13,75,1.0967683783362447,0.9117695401803627
"Uniform(0,1)",1.0,13,100,1.0591321521551027,0.9441692407932459
"Uniform(0,1)",1.0,13,125,1.0757755027377616,0.9295619740876055
"Uniform(0,1)",1.0,13,150,1.0206557870987987,0.9797622397679119
"Uniform(0,1)",1.0,13,200,0.9926504120380966,1.0074040043430934
"Uniform(0,1)",1.0,13,250,1.0159914536126542,0.9842602479028816
"Uniform(0,1)",1.0,14,25,1.062810015008125,0.9409019353212956
"Uniform(0,1)",1.0,14,50,1.0218939117090056,0.9785751618067766
"Uniform(0,1)",1.0,14,75,0.9676944236541226,1.033384067900162
"Uniform(0,1)",1.0,14,100,0.991286680969838,1.0087899083054734
"Uniform(0,1)",1.0,14,125,0.9843572248118454,1.0158913601626123
"Uniform(0,1)",1.0,14,150,1.0045789411562827,0.9954419299781336
"Uniform(0,1)",1.0,14,200,1.0248774761403132,0.9757263900129782
"Uniform(0,1)",1.0,14,250,1.1184183101292329,0.8941198395477362
"Uniform(0,1)",1.0,15,25,1.3187750300873193,0.7582794465965795
"Uniform(0,1)",1.0,15,50,1.2626791355465408,0.7919668361092843
"Uniform(0,1)",1.0,15,75,1.1798918190779464,0.8475353280959885
"Uniform(0,1)",1.0,15,100,1.1532879365753077,0.867086152803699
"Uniform(0,1)",1.0,15,125,1.126164880949072,0.8879694411685551
"Uniform(0,1)",1.0,15,150,1.106662653544626,0.9036177346339583
"Uniform(0,1)",1.0,15,200,1.0644247769168211,0.9394745609892398
"Uniform(0,1)",1.0,15,250,1.030465581520875,0.9704351294529309
"Uniform(0,1)",1.0,16,25,0.9520631545371038,1.0503504890767497
"Uniform(0,1)",1.0,16,50,1.0328441187788358,0.968200313888926
"Uniform(0,1)",1.0,16,75,0.988017085390425,1.0121282463499504
"Uniform(0,1)",1.0,16,100,0.9992241049939995,1.0007764974865225
"Uniform(0,1)",1.0,16,125,0.9725015437157312,1.0282760027086464
"Uniform(0,1)",1.0,16,150,0.9279726339833517,1.0776179850341798
"Uniform(0,1)",1.0,16,200,0.9371604026726797,1.0670531929732718
"Uniform(0,1)",1.0,16,250,0.9769666362259819,1.0235764077502134
"Uniform(0,1)",1.0,17,25,0.9975632879395044,1.00244266412964
"Uniform(0,1)",1.0,17,50,0.9823468021165565,1.0179704335021076
"Uniform(0,1)",1.0,17,75,1.0295277316383293,0.9713191488379428
"Uniform(0,1)",1.0,17,100,1.007125868610659,0.9929245501155787
"Uniform(0,1)",1.0,17,125,1.0371195670132236,0.9642089801466929
"Uniform(0,1)",1.0,17,150,1.052726698230026,0.9499141626039534
"Uniform(0,1)",1.0,17,200,1.0666954549001644,0.9374746985245132
"Uniform(0,1)",1.0,17,250,1.0804979782099486,0.9254991866404888
"Uniform(0,1)",1.0,18,25,1.1353466428665335,0.8807882652254918
"Uniform(0,1)",1.0,18,50,1.1383143991727414,0.8784919181613973
"Uniform(0,1)",1.0,18,75,1.0756255401254131,0.9296915726670124
"Uniform(0,1)",1.0,18,100,1.06079649479346,0.9426878811422758
"Uniform(0,1)",1.0,18,125,1.1061655858696824,0.9040237852037193
"Uniform(0,1)",1.0,18,150,1.0157455170505785,0.9844985611196211
"Uniform(0,1)",1.0,18,200,1.0673964879856772,0.9368589940623998
"Uniform(0,1)",1.0,18,250,1.0115661102552367,0.9885661350869906
"Uniform(0,1)",1.0,19,25,1.142946422505621,0.8749316506085674
"Uniform(0,1)",1.0,19,50,1.2285967717931385,0.813936698320067
"Uniform(0,1)",1.0,19,75,1.203855569572559,0.8306644295835754
"Uniform(0,1)",1.0,19,100,1.140296447147544,0.8769649353038886
"Uniform(0,1)",1.0,19,125,1.0813433144616988,0.9247756809758497
"Uniform(0,1)",1.0,19,150,1.1473881597368896,0.8715446394612547
"Uniform(0,1)",1.0,19,200,1.136401367106629,0.8799707822827438
"Uniform(0,1)",1.0,19,250,1.1121551840544857,0.8991550948442182
"Beta(2,2)",2.0,0,25,0.3636981954443773,2.7495324764484192
"Beta(2,2)",2.0,0,50,0.3818110300318481,2.619096677004294
"Beta(2,2)",2.0,0,75,0.4249840310458547,2.3530295892273245
"Beta(2,2)",2.0,0,100,0.45422019948846315,2.2015753617434606
"Beta(2,2)",2.0,0,125,0.48368951668274957,2.067441955033929
"Beta(2,2)",2.0,0,150,0.4986155412666947,2.0055532113170327
"Beta(2,2)",2.0,0,200,0.511660789168851,1.954419844491922
"Beta(2,2)",2.0,0,250,0.49334663290985925,2.02697238268719
"Beta(2,2)",2.0,1,25,0.42492682491537836,2.3533463678108437
"Beta(2,2)",2.0,1,50,0.5226400562995426,1.9133627205697115
"Beta(2,2)",2.0,1,75,0.5312886601806895,1.8822159683587134
"Beta(2,2)",2.0,1,100,0.5574172212791244,1.7939883480909788
"Beta(2,2)",2.0,1,125,0.5521423620834791,1.811127109006008
"Beta(2,2)",2.0,1,150,0.5316628078639426,1.880891394336369
"Beta(2,2)",2.0,1,200,0.5249593398819227,1.9049094358906475
"Beta(2,2)",2.0,1,250,0.5768495110609243,1.7335543860665323
"Beta(2,2)",2.0,2,25,0.418339454088371,2.390403272335766
"Beta(2,2)",2.0,2,50,0.47661123686554663,2.098146083538737
"Beta(2,2)",2.0,2,75,0.4623958944202656,2.1626489596188176
"Beta(2,2)",2.0,2,100,0.4585978906758806,2.1805595279258747
"Beta(2,2)",2.0,2,125,0.49805848272217257,2.0077963425789513
"Beta(2,2)",2.0,2,150,0.513328526572028,1.948070189431961
"Beta(2,2)",2.0,2,200,0.5248881849747069,1.905167669278339
"Beta(2,2)",2.0,2,250,0.555433917640992,1.800394193151085
"Beta(2,2)",2.0,3,25,0.5575625165843564,1.7935208523808739
"Beta(2,2)",2.0,3,50,0.49752137558580783,2.0099638911444706
"Beta(2,2)",2.0,3,75,0.5436413023602309,1.8394481722755016
"Beta(2,2)",2.0,3,100,0.5652360647473094,1.7691723199705123
"Beta(2,2)",2.0,3,125,0.5555735254918979,1.7999417792894514
"Beta(2,2)",2.0,3,150,0.5373539161882321,1.860970898088152
"Beta(2,2)",2.0,3,200,0.5403324066622492,1.8507126125882722
"Beta(2,2)",2.0,3,250,0.5519976400339871,1.8116019480417143
"Beta(2,2)",2.0,4,25,0.7159570014540997,1.3967319238013072
"Beta(2,2)",2.0,4,50,0.5640014405068251,1.7730451168730637
"Beta(2,2)",2.0,4,75,0.5630925825024313,1.7759068953739632
"Beta(2,2)",2.0,4,100,0.544516265050316,1.8364924322464362
"Beta(2,2)",2.0,4,125,0.5615319007218859,1.7808427245441174
"Beta(2,2)",2.0,4,150,0.5636314243938338,1.7742090960869783
"Beta(2,2)",2.0,4,200,0.5528720926884222,1.8087366195992138
"Beta(2,2)",2.0,4,250,0.5582413772936173,1.7913398051001719
"Beta(2,2)",2.0,5,25,0.4555469832626453,2.1951632581077827
"Beta(2,2)",2.0,5,50,0.5351024512271058,1.8688010075580546
"Beta(2,2)",2.0,5,75,0.5260469669482541,1.90097094523951
"Beta(2,2)",2.0,5,100,0.5533543218843728,1.8071603680524915
"Beta(2,2)",2.0,5,125,0.5447025445416095,1.8358643814332514
"Beta(2,2)",2.0,5,150,0.5497346430306288,1.8190594547345715
"Beta(2,2)",2.0,5,200,0.582683598784998,1.716197267410964
"Beta(2,2)",2.0,5,250,0.577717001622714,1.730951308670441
"Beta(2,2)",2.0,6,25,0.44887836526674674,2.2277749995942626
"Beta(2,2)",2.0,6,50,0.5147747079256625,1.9425973821239249
"Beta(2,2)",2.0,6,75,0.5802179327904162,1.7234903361065463
"Beta(2,2)",2.0,6,100,0.59558089813203,1.6790330299987515
"Beta(2,2)",2.0,6,125,0.5904535672891964,1.6936132752843767
"Beta(2,2)",2.0,6,150,0.5725392951394381,1.746605007707736
"Beta(2,2)",2.0,6,200,0.5583386007646165,1.7910278791947225
"Beta(2,2)",2.0,6,250,0.5475378726239433,1.8263576822690657
"Beta(2,2)",2.0,7,25,0.40539477446558975,2.4667313517256027
"Beta(2,2)",2.0,7,50,0.4392298492680169,2.2767122991903097
"Beta(2,2)",2.0,7,75,0.45560461430790655,2.1948855841134662
"Beta(2,2)",2.0,7,100,0.4794528069349532,2.0857110137550388
"Beta(2,2)",2.0,7,125,0.47382733155934387,2.110473443372391
"Beta(2,2)",2.0,7,150,0.47549263192901264,2.103082009795038
"Beta(2,2)",2.0,7,200,0.5001429463464249,1.999428378036843
"Beta(2,2)",2.0,7,250,0.526115024593174,1.9007250377866785
"Beta(2,2)",2.0,8,25,0.4767418673463118,2.09757117738851
"Beta(2,2)",2.0,8,50,0.5277007513653174,1.8950134094232485
"Beta(2,2)",2.0,8,75,0.6328903619860217,1.580052502082638
"Beta(2,2)",2.0,8,100,0.5936580231645012,1.6844714650186785
"Beta(2,2)",2.0,8,125,0.5757563426826945,1.7368458249900873
"Beta(2,2)",2.0,8,150,0.5860109158527487,1.706452854286553
"Beta(2,2)",2.0,8,200,0.5915981417758137,1.690336614307606
"Beta(2,2)",2.0,8,250,0.5904821170885188,1.693531389114178
"Beta(2,2)",2.0,9,25,0.44719796395747335,2.2361461379441696
"Beta(2,2)",2.0,9,50,0.5097245375901401,1.961843949533544
"Beta(2,2)",2.0,9,75,0.5392557492646084,1.8544076745843059
"Beta(2,2)",2.0,9,100,0.5460247590171537,1.8314187836463736
"Beta(2,2)",2.0,9,125,0.5481973321651615,1.824160646770019
"Beta(2,2)",2.0,9,150,0.5673039567785363,1.7627234713442679
"Beta(2,2)",2.0,9,200,0.5863024092057898,1.7056044530920629
"Beta(2,2)",2.0,9,250,0.5720826464420147,1.747999185466218
"Beta(2,2)",2.0,10,25,0.6364083147316069,1.571318250959262
"Beta(2,2)",2.0,10,50,0.5175061632605135,1.932344136153985
"Beta(2,2)",2.0,10,75,0.5019140042090673,1.9923731786998713
"Beta(2,2)",2.0,10,100,0.48562106643069414,2.0592187389027035
"Beta(2,2)",2.0,10,125,0.4858979341976419,2.0580453828256946
"Beta(2,2)",2.0,10,150,0.48078561076486287,2.0799291360012613
"Beta(2,2)",2.0,10,200,0.5369533431730028,1.8623592025532965
"Beta(2,2)",2.0,10,250,0.5426674419588693,1.842749210069237
"Beta(2,2)",2.0,11,25,0.3608582560542352,2.7711711820990037
"Beta(2,2)",2.0,11,50,0.41104482529556585,2.432824690788748
"Beta(2,2)",2.0,11,75,0.5020651424368232,1.9917734084194738
"Beta(2,2)",2.0,11,100,0.5359622345222976,1.8658031025101955
"Beta(2,2)",2.0,11,125,0.5354701543091388,1.8675177168187749
"Beta(2,2)",2.0,11,150,0.5346832261083928,1.8702662645288906
"Beta(2,2)",2.0,11,200,0.5527584219535332,1.8091085730830592
"Beta(2,2)",2.0,11,250,0.5609703203743014,1.7826255038461942
"Beta(2,2)",2.0,12,25,0.5974154888084843,1.6738769227333739
"Beta(2,2)",2.0,12,50,0.612101883876612,1.6337149522669674
"Beta(2,2)",2.0,12,75,0.5682896431312355,1.7596660648082043
"Beta(2,2)",2.0,12,100,0.5420472960325738,1.844857464135207
"Beta(2,2)",2.0,12,125,0.5216601711173576,1.9169567763973119
"Beta(2,2)",2.0,12,150,0.5208320626526898,1.9200046842485525
"Beta(2,2)",2.0,12,200,0.5440475815739368,1.8380745248549526
"Beta(2,2)",2.0,12,250,0.5414289563592449,1.8469643861021858
"Beta(2,2)",2.0,13,25,0.43864165521865395,2.279765243685122
"Beta(2,2)",2.0,13,50,0.4581348779768391,2.1827633041520027
"Beta(2,2)",2.0,13,75,0.43813111402985233,2.2824217864880154
"Beta(2,2)",2.0,13,100,0.4337387077909875,2.305535526430087
"Beta(2,2)",2.0,13,125,0.48926752483368463,2.0438716024324877
"Beta(2,2)",2.0,13,150,0.5027622651205277,1.9890116450172908
"Beta(2,2)",2.0,13,200,0.5092955139302938,1.9634965803701696
"Beta(2,2)",2.0,13,250,0.5293932761749719,1.8889548564449201
"Beta(2,2)",2.0,14,25,0.3883912645078144,2.574723201530399
"Beta(2,2)",2.0,14,50,0.37223038989470597,2.6865082141274743
"Beta(2,2)",2.0,14,75,0.4554355339130777,2.1957004351594036
"Beta(2,2)",2.0,14,100,0.4669995770465569,2.1413295624897457
"Beta(2,2)",2.0,14,125,0.465631704229457,2.147620084536197
"Beta(2,2)",2.0,14,150,0.5074679097484078,1.970567952751494
"Beta(2,2)",2.0,14,200,0.5388363088562557,1.8558511807094427
"Beta(2,2)",2.0,14,250,0.5162226078918632,1.9371487895188755
"Beta(2,2)",2.0,15,25,0.47316629012863914,2.113421900212146
"Beta(2,2)",2.0,15,50,0.47270780449202177,2.1154717364453366
"Beta(2,2)",2.0,15,75,0.4417472038282649,2.2637381546137942
"Beta(2,2)",2.0,15,100,0.43015315569319695,2.32475337391978
"Beta(2,2)",2.0,15,125,0.48659864688292764,2.0550817524993925
"Beta(2,2)",2.0,15,150,0.48937827250600474,2.0434090685702233
"Beta(2,2)",2.0,15,200,0.49943051083024254,2.0022805541808437
"Beta(2,2)",2.0,15,250,0.528490847820077,1.8921803549196876
"Beta(2,2)",2.0,16,25,0.49762319014106987,2.009552649096825
"Beta(2,2)",2.0,16,50,0.5628737008520491,1.7765974826790658
"Beta(2,2)",2.0,16,75,0.5416418037196477,1.8462385900287661
"Beta(2,2)",2.0,16,100,0.5387557021401268,1.8561288465767487
"Beta(2,2)",2.0,16,125,0.5201229925680714,1.9226221764636264
"Beta(2,2)",2.0,16,150,0.5051816727074303,1.9794859038347132
"Beta(2,2)",2.0,16,200,0.5007141502488,1.997147473270148
"Beta(2,2)",2.0,16,250,0.5153909830242336,1.9402745351347759
"Beta(2,2)",2.0,17,25,0.6895504771709022,1.4502201551695166
"Beta(2,2)",2.0,17,50,0.5273021447763967,1.8964459179737483
"Beta(2,2)",2.0,17,75,0.5443163675393919,1.8371668750666963
"Beta(2,2)",2.0,17,100,0.5630522844459506,1.776033998306233
"Beta(2,2)",2.0,17,125,0.5339610141976301,1.8727959034662391
"Beta(2,2)",2.0,17,150,0.49331709388789136,2.0270937544833076
"Beta(2,2)",2.0,17,200,0.510345257180726,1.9594578100406939
"Beta(2,2)",2.0,17,250,0.522569790717476,1.9136199944260528
"Beta(2,2)",2.0,18,25,0.47364128751932355,2.1113024272809033
"Beta(2,2)",2.0,18,50,0.4999324512921045,2.0002702313391376
"Beta(2,2)",2.0,18,75,0.5367476460646824,1.86307291206917
"Beta(2,2)",2.0,18,100,0.49811999541807495,2.0075484003823103
"Beta(2,2)",2.0,18,125,0.5207812120431348,1.9201921591541073
"Beta(2,2)",2.0,18,150,0.5565954114898236,1.7966371611352805
"Beta(2,2)",2.0,18,200,0.5625846363345725,1.7775103254069207
"Beta(2,2)",2.0,18,250,0.5557663012826776,1.7993174427669614
"Beta(2,2)",2.0,19,25,0.42807861553332094,2.336019515373717
"Beta(2,2)",2.0,19,50,0.4359711319056156,2.293729852316213
"Beta(2,2)",2.0,19,75,0.4460277357374623,2.242013040616409
"Beta(2,2)",2.0,19,100,0.4991381512965169,2.0034533473397875
"Beta(2,2)",2.0,19,125,0.5365128643494321,1.8638882055746897
"Beta(2,2)",2.0,19,150,0.5573770662902167,1.7941175919845205
"Beta(2,2)",2.0,19,200,0.5842533777682536,1.7115861680078364
"Beta(2,2)",2.0,19,250,0.5806257223892392,1.7222798808930846
"Beta(2,5)",2.0,0,25,0.6685252997126654,1.4958297022263833
"Beta(2,5)",2.0,0,50,0.6319231815154194,1.5824708275488375
"Beta(2,5)",2.0,0,75,0.613333479852021,1.6304343931155854
"Beta(2,5)",2.0,0,100,0.6159553641239508,1.6234942631309994
"Beta(2,5)",2.0,0,125,0.6167301290033054,1.6214547546365137
"Beta(2,5)",2.0,0,150,0.602806940927638,1.6589059151527616
"Beta(2,5)",2.0,0,200,0.633249948278198,1.5791552809739546
"Beta(2,5)",2.0,0,250,0.6214539374142385,1.6091297195103884
"Beta(2,5)",2.0,1,25,0.5642542346078457,1.7722507668816978
"Beta(2,5)",2.0,1,50,0.44055676316506753,2.2698550643412108
"Beta(2,5)",2.0,1,75,0.46912127501317336,2.1316449567799265
"Beta(2,5)",2.0,1,100,0.4941951362880317,2.0234921928029057
"Beta(2,5)",2.0,1,125,0.5615600903092317,1.7807533285517754
"Beta(2,5)",2.0,1,150,0.5596088192765827,1.7869625451806133
"Beta(2,5)",2.0,1,200,0.563716421585349,1.773941580746723
"Beta(2,5)",2.0,1,250,0.5920848081114944,1.6889472357677715
"Beta(2,5)",2.0,2,25,0.5817551105107275,1.718936339247784
"Beta(2,5)",2.0,2,50,0.49115101642027315,2.036033656793473
"Beta(2,5)",2.0,2,75,0.5181599862437779,1.9299058718315072
"Beta(2,5)",2.0,2,100,0.4940468654917107,2.0240994728399473
"Beta(2,5)",2.0,2,125,0.5288936108887705,1.8907394217138802
"Beta(2,5)",2.0,2,150,0.5416705341719608,1.8461406646914567
"Beta(2,5)",2.0,2,200,0.5666352350504464,1.76480377170857
"Beta(2,5)",2.0,2,250,0.5818402289917114,1.7186848728781274
"Beta(2,5)",2.0,3,25,0.5448246554355377,1.835452911360245
"Beta(2,5)",2.0,3,50,0.6595304520322364,1.5162302163890413
"Beta(2,5)",2.0,3,75,0.6132982444092456,1.6305280654492034
"Beta(2,5)",2.0,3,100,0.5758906805541225,1.736440671409718
"Beta(2,5)",2.0,3,125,0.5851588165674466,1.7089377647354271
"Beta(2,5)",2.0,3,150,0.5834145108899182,1.7140471848645624
"Beta(2,5)",2.0,3,200,0.5922123874327428,1.6885833886978079
"Beta(2,5)",2.0,3,250,0.6334896285614744,1.5785578088638892
"Beta(2,5)",2.0,4,25,0.4480479075109543,2.23190418532543
"Beta(2,5)",2.0,4,50,0.4200119012752817,2.380884915317164
"Beta(2,5)",2.0,4,75,0.5343887287591262,1.8712969532909933
"Beta(2,5)",2.0,4,100,0.5148473614670294,1.942323249264704
"Beta(2,5)",2.0,4,125,0.5787965939206267,1.7277226758130078
"Beta(2,5)",2.0,4,150,0.5890994651843892,1.6975062092222377
"Beta(2,5)",2.0,4,200,0.609279500096078,1.6412828592498334
"Beta(2,5)",2.0,4,250,0.6102318415905897,1.6387214364190936
"Beta(2,5)",2.0,5,25,0.44965806605985903,2.22391206892501
"Beta(2,5)",2.0,5,50,0.4684351991166968,2.1347669899393695
"Beta(2,5)",2.0,5,75,0.46221791517141325,2.1634816980842264
"Beta(2,5)",2.0,5,100,0.47522035008537145,2.1042869898571346
"Beta(2,5)",2.0,5,125,0.4809124841710574,2.0793804130988343
"Beta(2,5)",2.0,5,150,0.5060305920616011,1.9761651087653336
"Beta(2,5)",2.0,5,200,0.5432437109387789,1.8407944351015146
"Beta(2,5)",2.0,5,250,0.5555765605727984,1.799931946317177
"Beta(2,5)",2.0,6,25,0.39853881367484134,2.5091658972415094
"Beta(2,5)",2.0,6,50,0.4644378282797548,2.153140720048429
"Beta(2,5)",2.0,6,75,0.43861903696231425,2.2798828042794668
"Beta(2,5)",2.0,6,100,0.463168399758574,2.1590419392196205
"Beta(2,5)",2.0,6,125,0.4417906884998946,2.263515338893881
"Beta(2,5)",2.0,6,150,0.4965893492502578,2.013736302459533
"Beta(2,5)",2.0,6,200,0.5167097479187852,1.9353224978391095
"Beta(2,5)",2.0,6,250,0.5148989235276852,1.942128744703487
"Beta(2,5)",2.0,7,25,0.228621994895652,4.374032343022908
"Beta(2,5)",2.0,7,50,0.40637476496729974,2.4607827212904527
"Beta(2,5)",2.0,7,75,0.5093606654985121,1.9632454324310622
"Beta(2,5)",2.0,7,100,0.5046793150441745,1.9814562836055014
"Beta(2,5)",2.0,7,125,0.5365275587878411,1.863837157329377
"Beta(2,5)",2.0,7,150,0.5664381160229485,1.7654179189443642
"Beta(2,5)",2.0,7,200,0.5773250558033274,1.732126451031188
"Beta(2,5)",2.0,7,250,0.5967451911479713,1.6757571151537543
"Beta(2,5)",2.0,8,25,0.5781527337647644,1.729646755258403
"Beta(2,5)",2.0,8,50,0.6124647879670614,1.6327469262670173
"Beta(2,5)",2.0,8,75,0.6029314792527243,1.658563260354898
"Beta(2,5)",2.0,8,100,0.593321880870714,1.6854257903525758
"Beta(2,5)",2.0,8,125,0.5939191982156996,1.683730721290508
"Beta(2,5)",2.0,8,150,0.5729615031100859,1.7453179569166712
"Beta(2,5)",2.0,8,200,0.5736780256025318,1.743138058930711
"Beta(2,5)",2.0,8,250,0.5936443835404495,1.6845101675789078
"Beta(2,5)",2.0,9,25,0.45439744005493665,2.2007166234895603
"Beta(2,5)",2.0,9,50,0.5563509207452906,1.797426700867853
"Beta(2,5)",2.0,9,75,0.5010232955743134,1.9959151776639832
"Beta(2,5)",2.0,9,100,0.49818616536196025,2.0072817543486856
"Beta(2,5)",2.0,9,125,0.5125354583687746,1.9510845223912092
"Beta(2,5)",2.0,9,150,0.49625529526495443,2.0150918479692845
"Beta(2,5)",2.0,9,200,0.5039116029098138,1.984475043292409
"Beta(2,5)",2.0,9,250,0.5598436235561071,1.7862130743725098
"Beta(2,5)",2.0,10,25,0.5119612055044964,1.9532730004699883
"Beta(2,5)",2.0,10,50,0.49290795786738245,2.0287763344836307
"Beta(2,5)",2.0,10,75,0.4853696031081649,2.060285591838246
"Beta(2,5)",2.0,10,100,0.49123371596860516,2.0356908890673746
"Beta(2,5)",2.0,10,125,0.5035013727868606,1.9860919037122755
"Beta(2,5)",2.0,10,150,0.5342938944383788,1.871629098534144
"Beta(2,5)",2.0,10,200,0.5412658702193489,1.8475208857982277
"Beta(2,5)",2.0,10,250,0.559453309989718,1.787459260931674
"Beta(2,5)",2.0,11,25,0.44081246934208723,2.2685383684642595
"Beta(2,5)",2.0,11,50,0.36390680047981966,2.747956341243078
"Beta(2,5)",2.0,11,75,0.39484532017773316,2.5326373364381434
"Beta(2,5)",2.0,11,100,0.4649141508932387,2.150934743712795
"Beta(2,5)",2.0,11,125,0.48795485374811637,2.049369920841494
"Beta(2,5)",2.0,11,150,0.5100800121191608,1.9604767413752102
"Beta(2,5)",2.0,11,200,0.5093575004662036,1.9632576315941594
"Beta(2,5)",2.0,11,250,0.5454625018890913,1.8333065912628577
"Beta(2,5)",2.0,12,25,0.4932728339859072,2.027275639567392
"Beta(2,5)",2.0,12,50,0.5387955364059934,1.8559916191408081
"Beta(2,5)",2.0,12,75,0.5643626162186416,1.7719104194041562
"Beta(2,5)",2.0,12,100,0.5640718411288802,1.7728238268350611
"Beta(2,5)",2.0,12,125,0.5377032413102245,1.859761896847217
"Beta(2,5)",2.0,12,150,0.5491043250682341,1.8211475567520536
"Beta(2,5)",2.0,12,200,0.5421841503615085,1.8443917981247455
"Beta(2,5)",2.0,12,250,0.5700746591621494,1.7541562038027103
"Beta(2,5)",2.0,13,25,0.3827332916899694,2.612785513338734
"Beta(2,5)",2.0,13,50,0.4845059824900823,2.0639580028724818
"Beta(2,5)",2.0,13,75,0.45942820151805286,2.176618667935007
"Beta(2,5)",2.0,13,100,0.5056360178406879,1.9777072137196379
"Beta(2,5)",2.0,13,125,0.49096464068206075,2.0368065582294768
"Beta(2,5)",2.0,13,150,0.5051218972017144,1.9797201537684712
"Beta(2,5)",2.0,13,200,0.553325493423183,1.8072545217706073
"Beta(2,5)",2.0,13,250,0.5461470288518214,1.8310087708475227
"Beta(2,5)",2.0,14,25,0.43731161645956795,2.2866989175725587
"Beta(2,5)",2.0,14,50,0.49947662080925914,2.002095710465458
"Beta(2,5)",2.0,14,75,0.5070201446278007,1.972308222061062
"Beta(2,5)",2.0,14,100,0.5031833806896713,1.9873470356460976
"Beta(2,5)",2.0,14,125,0.5219630224989487,1.9158445270938982
"Beta(2,5)",2.0,14,150,0.5659467847779893,1.7669505806845107
"Beta(2,5)",2.0,14,200,0.5576466588228444,1.7932502314475167
"Beta(2,5)",2.0,14,250,0.5907935464081482,1.6926386655367298
"Beta(2,5)",2.0,15,25,0.5116562775936105,1.9544370777646602
"Beta(2,5)",2.0,15,50,0.5030699039758793,1.9877953184970236
"Beta(2,5)",2.0,15,75,0.5417686071958889,1.845806469252337
"Beta(2,5)",2.0,15,100,0.5763960156590806,1.7349183076093075
"Beta(2,5)",2.0,15,125,0.5344529119486583,1.8710722266512116
"Beta(2,5)",2.0,15,150,0.5525355775358283,1.8098382088982434
"Beta(2,5)",2.0,15,200,0.564425734962446,1.7717122697577476
"Beta(2,5)",2.0,15,250,0.5893629630320286,1.6967472724370287
"Beta(2,5)",2.0,16,25,0.4769293889069418,2.0967464435183287
"Beta(2,5)",2.0,16,50,0.5401101229296257,1.8514742782006628
"Beta(2,5)",2.0,16,75,0.5602809628658137,1.7848188074873037
"Beta(2,5)",2.0,16,100,0.54965723093058,1.819315645692464
"Beta(2,5)",2.0,16,125,0.5169873388819984,1.9342833465951639
"Beta(2,5)",2.0,16,150,0.5366740632035832,1.8633283561919733
"Beta(2,5)",2.0,16,200,0.572143581387731,1.747813018498793
"Beta(2,5)",2.0,16,250,0.5766998877519657,1.734004152312394
"Beta(2,5)",2.0,17,25,0.5018454078221096,1.9926455127680922
"Beta(2,5)",2.0,17,50,0.4575691317896384,2.185462109493298
"Beta(2,5)",2.0,17,75,0.5017956974386784,1.9928429141666852
"Beta(2,5)",2.0,17,100,0.5252598634423908,1.9038195559933115
"Beta(2,5)",2.0,17,125,0.5302984706437468,1.8857304996298916
"Beta(2,5)",2.0,17,150,0.5276884609372465,1.8950575463103057
"Beta(2,5)",2.0,17,200,0.49831068105611864,2.0067801835605894
"Beta(2,5)",2.0,17,250,0.5213503206128969,1.9180960679652117
"Beta(2,5)",2.0,18,25,0.750761510520272,1.3319809100322786
"Beta(2,5)",2.0,18,50,0.5805173281979001,1.7226014649800374
"Beta(2,5)",2.0,18,75,0.5987535587365432,1.6701362111486149
"Beta(2,5)",2.0,18,100,0.5828906349362389,1.715587693580611
"Beta(2,5)",2.0,18,125,0.551263541583099,1.8140143952350551
"Beta(2,5)",2.0,18,150,0.5537827631588079,1.8057622348083642
"Beta(2,5)",2.0,18,200,0.5978151880806128,1.6727577685181767
"Beta(2,5)",2.0,18,250,0.5773650334996178,1.7320065157715547
"Beta(2,5)",2.0,19,25,0.5051685391541583,1.9795373672207999
"Beta(2,5)",2.0,19,50,0.5722627843511421,1.7474489471368404
"Beta(2,5)",2.0,19,75,0.5087937015815381,1.965433135063568
"Beta(2,5)",2.0,19,100,0.5044599352636191,1.982317980272156
"Beta(2,5)",2.0,19,125,0.5367412370827008,1.863095158171945
"Beta(2,5)",2.0,19,150,0.5213426513708332,1.9181242842314388
"Beta(2,5)",2.0,19,200,0.523682947745574,1.9095523432736248
"Beta(2,5)",2.0,19,250,0.5535675326025797,1.8064643265809548
"Beta(3,10)",3.0,0,25,0.3018044834044648,3.3134033952035264
"Beta(3,10)",3.0,0,50,0.46477499642404363,2.1515787374405932
"Beta(3,10)",3.0,0,75,0.44008560471493535,2.272285185623711
"Beta(3,10)",3.0,0,100,0.4493307788363856,2.2255319401659084
"Beta(3,10)",3.0,0,125,0.43559480718602966,2.2957114811814767
"Beta(3,10)",3.0,0,150,0.4415776281177629,2.2646074808239907
"Beta(3,10)",3.0,0,200,0.45356865298429855,2.204737901132285
"Beta(3,10)",3.0,0,250,0.48708974265085336,2.053009768913983
"Beta(3,10)",3.0,1,25,0.3061619479880388,3.2662452227377003
"Beta(3,10)",3.0,1,50,0.3164654359134005,3.159902746136378
"Beta(3,10)",3.0,1,75,0.3693521109226011,2.7074435760015274
"Beta(3,10)",3.0,1,100,0.41096425362432,2.4333016586745346
"Beta(3,10)",3.0,1,125,0.4257824880121438,2.3486170243137825
"Beta(3,10)",3.0,1,150,0.42731919798516516,2.3401710120094257
"Beta(3,10)",3.0,1,200,0.44406507887077606,2.251922178935854
"Beta(3,10)",3.0,1,250,0.44646456739421886,2.239819401204622
"Beta(3,10)",3.0,2,25,0.36230287825449786,2.760121599965747
"Beta(3,10)",3.0,2,50,0.3735277868797391,2.6771770002801953
"Beta(3,10)",3.0,2,75,0.3540116091211063,2.8247661213220354
"Beta(3,10)",3.0,2,100,0.36744739784957176,2.7214779744048894
"Beta(3,10)",3.0,2,125,0.41651019779576526,2.4009015992697194
"Beta(3,10)",3.0,2,150,0.41006296153129557,2.4386498996781034
"Beta(3,10)",3.0,2,200,0.4105609925218826,2.435691695544361
"Beta(3,10)",3.0,2,250,0.4327290415767387,2.310914923473338
"Beta(3,10)",3.0,3,25,0.4710249910507218,2.1230296035233427
"Beta(3,10)",3.0,3,50,0.42267208082096985,2.365900293337727
"Beta(3,10)",3.0,3,75,0.423540663512472,2.36104838602009
"Beta(3,10)",3.0,3,100,0.4091630072660476,2.4440137115078344
"Beta(3,10)",3.0,3,125,0.40720047058514486,2.4557928397356847
"Beta(3,10)",3.0,3,150,0.40606790096110806,2.4626423256631087
"Beta(3,10)",3.0,3,200,0.39745757322119646,2.515991812397726
"Beta(3,10)",3.0,3,250,0.4275298436438052,2.3390180004209156
"Beta(3,10)",3.0,4,25,0.37728143303549877,2.650541247032183
"Beta(3,10)",3.0,4,50,0.3823515740984864,2.6153939665550303
"Beta(3,10)",3.0,4,75,0.38200559822995905,2.6177626836715144
"Beta(3,10)",3.0,4,100,0.41106366958951723,2.4327131633855816
"Beta(3,10)",3.0,4,125,0.4258974218858085,2.347983219931582
"Beta(3,10)",3.0,4,150,0.4266834737086191,2.3436576797977815
"Beta(3,10)",3.0,4,200,0.410167494878983,2.4380283968992784
"Beta(3,10)",3.0,4,250,0.4304707637794369,2.3230381343908793
"Beta(3,10)",3.0,5,25,0.34301663947330374,2.915310468715113
"Beta(3,10)",3.0,5,50,0.4163107142427959,2.4020520389893005
"Beta(3,10)",3.0,5,75,0.4092633065657096,2.4434147502530728
"Beta(3,10)",3.0,5,100,0.38589888046985005,2.5913524257506344
"Beta(3,10)",3.0,5,125,0.3958125152039839,2.5264486634149126
"Beta(3,10)",3.0,5,150,0.42909964208748486,2.3304610442814586
"Beta(3,10)",3.0,5,200,0.433021372326574,2.3093548353678597
"Beta(3,10)",3.0,5,250,0.4373477394239246,2.286510046484297
"Beta(3,10)",3.0,6,25,0.3202257891461718,3.1227965825810964
"Beta(3,10)",3.0,6,50,0.4130423515249294,2.4210592359549947
"Beta(3,10)",3.0,6,75,0.426090370458289,2.346919971283163
"Beta(3,10)",3.0,6,100,0.4344273243004182,2.3018809915107297
"Beta(3,10)",3.0,6,125,0.40639226251468535,2.460676770301118
"Beta(3,10)",3.0,6,150,0.4135487959641914,2.418094333145123
"Beta(3,10)",3.0,6,200,0.42942446579439986,2.32869824533654
"Beta(3,10)",3.0,6,250,0.42669103359527505,2.343616156107278
"Beta(3,10)",3.0,7,25,0.316815061202179,3.1564155952858535
"Beta(3,10)",3.0,7,50,0.3271560625665685,3.0566451746451246
"Beta(3,10)",3.0,7,75,0.32693445729861287,3.0587170537568262
"Beta(3,10)",3.0,7,100,0.38417184971725243,2.6030017575103237
"Beta(3,10)",3.0,7,125,0.3858728656702939,2.591527129700906
"Beta(3,10)",3.0,7,150,0.3987015692678984,2.508141620400979
"Beta(3,10)",3.0,7,200,0.3958692069179609,2.526086855265906
"Beta(3,10)",3.0,7,250,0.39263992470676695,2.5468627540788784
"Beta(3,10)",3.0,8,25,0.3790545799216805,2.638142507621509
"Beta(3,10)",3.0,8,50,0.4303985325839481,2.3234279959004103
"Beta(3,10)",3.0,8,75,0.4021846360663714,2.4864201919313818
"Beta(3,10)",3.0,8,100,0.3911142383753804,2.5567977380568494
"Beta(3,10)",3.0,8,125,0.3813948774405676,2.6219544601928457
"Beta(3,10)",3.0,8,150,0.3879121514984975,2.5779032601505736
"Beta(3,10)",3.0,8,200,0.43659751529088686,2.2904390542253577
"Beta(3,10)",3.0,8,250,0.44121389278304324,2.266474416053184
"Beta(3,10)",3.0,9,25,0.24320707717710363,4.111722453174334
"Beta(3,10)",3.0,9,50,0.2750378147820294,3.6358636749368864
"Beta(3,10)",3.0,9,75,0.32875366104345355,3.0417912208978364
"Beta(3,10)",3.0,9,100,0.3702026776710295,2.7012230335314396
"Beta(3,10)",3.0,9,125,0.39249511155579964,2.5478024325860518
"Beta(3,10)",3.0,9,150,0.3888130225204689,2.5719303163189586
"Beta(3,10)",3.0,9,200,0.43174461260238717,2.316184083855482
"Beta(3,10)",3.0,9,250,0.4587797302740169,2.1796952524531252
"Beta(3,10)",3.0,10,25,0.34587916938054847,2.89118307353099
"Beta(3,10)",3.0,10,50,0.33873086797024354,2.9521962553700507
"Beta(3,10)",3.0,10,75,0.3917105222865148,2.5529056359342697
"Beta(3,10)",3.0,10,100,0.38033530426555273,2.629258942792734
"Beta(3,10)",3.0,10,125,0.38981048299076787,2.565349172571338
"Beta(3,10)",3.0,10,150,0.38419603842536976,2.602837874379203
"Beta(3,10)",3.0,10,200,0.40008339216010347,2.499478907636898
"Beta(3,10)",3.0,10,250,0.43034905578589777,2.3236951180799346
"Beta(3,10)",3.0,11,25,0.3518304634224012,2.842278040032646
"Beta(3,10)",3.0,11,50,0.38281521686869896,2.612226358658538
"Beta(3,10)",3.0,11,75,0.3867972414466949,2.5853338463837297
"Beta(3,10)",3.0,11,100,0.38394953308475316,2.6045089623256805
"Beta(3,10)",3.0,11,125,0.3951737384096191,2.5305325298804284
"Beta(3,10)",3.0,11,150,0.415125221983053,2.4089116898823937
"Beta(3,10)",3.0,11,200,0.44437565949036345,2.2503482777316375
"Beta(3,10)",3.0,11,250,0.44057863705006006,2.269742370387279
"Beta(3,10)",3.0,12,25,0.33681672042632854,2.9689737455261773
"Beta(3,10)",3.0,12,50,0.39321657959667944,2.5431277618703048
"Beta(3,10)",3.0,12,75,0.45923350770530363,2.177541453795034
"Beta(3,10)",3.0,12,100,0.40401428881986456,2.475159982388306
"Beta(3,10)",3.0,12,125,0.42288181479732073,2.3647268929719316
"Beta(3,10)",3.0,12,150,0.42442793494162295,2.3561125874939
"Beta(3,10)",3.0,12,200,0.4411148960784561,2.266983066974327
"Beta(3,10)",3.0,12,250,0.4433216595466766,2.2556984944578633
"Beta(3,10)",3.0,13,25,0.490604866015834,2.0383002070911496
"Beta(3,10)",3.0,13,50,0.4160755789686464,2.4034095018957014
"Beta(3,10)",3.0,13,75,0.39572574928681725,2.5270026067351306
"Beta(3,10)",3.0,13,100,0.40812912457524075,2.450204946879856
"Beta(3,10)",3.0,13,125,0.43916398239390153,2.277053765996377
"Beta(3,10)",3.0,13,150,0.45257248255676275,2.2095908137202698
"Beta(3,10)",3.0,13,200,0.4716911109189028,2.1200314715532738
"Beta(3,10)",3.0,13,250,0.49334438596448765,2.026981614567279
"Beta(3,10)",3.0,14,25,0.3944265852176372,2.5353260593431317
"Beta(3,10)",3.0,14,50,0.3866420191935134,2.5863717608496724
"Beta(3,10)",3.0,14,75,0.39026559542377454,2.5623575629671844
"Beta(3,10)",3.0,14,100,0.41496236961472327,2.409857069518043
"Beta(3,10)",3.0,14,125,0.4162381328347487,2.402470896142068
"Beta(3,10)",3.0,14,150,0.43297009233757866,2.309628350080861
"Beta(3,10)",3.0,14,200,0.44417480815374366,2.251365862365312
"Beta(3,10)",3.0,14,250,0.4812609820407461,2.0778746611860894
"Beta(3,10)",3.0,15,25,0.3001605526530565,3.331550369164797
"Beta(3,10)",3.0,15,50,0.3220926629581609,3.1046966137502414
"Beta(3,10)",3.0,15,75,0.33892653169142734,2.950491939977249
"Beta(3,10)",3.0,15,100,0.3427271855975167,2.917772625059148
"Beta(3,10)",3.0,15,125,0.3753541110626983,2.6641509191648693
"Beta(3,10)",3.0,15,150,0.40015889865592014,2.499007277756075
"Beta(3,10)",3.0,15,200,0.44101094142586833,2.267517437927546
"Beta(3,10)",3.0,15,250,0.4333850893004483,2.307416717114466
"Beta(3,10)",3.0,16,25,0.39932274690620134,2.5042400107372154
"Beta(3,10)",3.0,16,50,0.3394373768706124,2.946051519780577
"Beta(3,10)",3.0,16,75,0.3375274513753471,2.962721982834963
"Beta(3,10)",3.0,16,100,0.3463850937163826,2.8869602593776515
"Beta(3,10)",3.0,16,125,0.35451427657558066,2.820760872198062
"Beta(3,10)",3.0,16,150,0.38222166892138304,2.616282857070786
"Beta(3,10)",3.0,16,200,0.37757458321699583,2.648483357856983
"Beta(3,10)",3.0,16,250,0.3977085380602396,2.5144041535475745
"Beta(3,10)",3.0,17,25,0.3078405521425915,3.2484349220397735
"Beta(3,10)",3.0,17,50,0.3125328830435339,3.199663313062345
"Beta(3,10)",3.0,17,75,0.3211840330164035,3.1134798034898825
"Beta(3,10)",3.0,17,100,0.353753791318247,2.826824827158874
"Beta(3,10)",3.0,17,125,0.3830747916163038,2.6104562917875893
"Beta(3,10)",3.0,17,150,0.39710668800252363,2.518214953845464
"Beta(3,10)",3.0,17,200,0.42672882649745136,2.3434085955896222
"Beta(3,10)",3.0,17,250,0.43207548523886485,2.314410407818367
"Beta(3,10)",3.0,18,25,0.3909744936841546,2.557711605626738
"Beta(3,10)",3.0,18,50,0.41914472364773536,2.3858107798595043
"Beta(3,10)",3.0,18,75,0.3781889092113695,2.644181189991219
"Beta(3,10)",3.0,18,100,0.37158480622326656,2.691175697316188
"Beta(3,10)",3.0,18,125,0.39441106546844984,2.5354258223264607
"Beta(3,10)",3.0,18,150,0.41886132932496056,2.3874249781224877
"Beta(3,10)",3.0,18,200,0.4034580717273854,2.4785722980297566
"Beta(3,10)",3.0,18,250,0.44468844432566496,2.24876542838081
"Beta(3,10)",3.0,19,25,0.439846292890505,2.273521491856564
"Beta(3,10)",3.0,19,50,0.41888509704081195,2.3872895146292827
"Beta(3,10)",3.0,19,75,0.38107279230608915,2.624170552687398
"Beta(3,10)",3.0,19,100,0.3857148080758225,2.59258908152529
"Beta(3,10)",3.0,19,125,0.3970780688813735,2.5183964524083264
"Beta(3,10)",3.0,19,150,0.3912337096247709,2.5560169673494957
"Beta(3,10)",3.0,19,200,0.4048526128236229,2.470034694911695
"Beta(3,10)",3.0,19,250,0.4225041090511928,2.3668408864606683
Power(alpha=2),2.0,0,25,0.42919712738457355,2.329931717143041
Power(alpha=2),2.0,0,50,0.47104356477230885,2.122945890330496
Power(alpha=2),2.0,0,75,0.5006002597983502,1.9976018398448614
Power(alpha=2),2.0,0,100,0.4943289435244551,2.0229444646114043
Power(alpha=2),2.0,0,125,0.46861667741215113,2.133940271870636
Power(alpha=2),2.0,0,150,0.47374341287240584,2.110847291652648
Power(alpha=2),2.0,0,200,0.452815237275408,2.208406249791871
Power(alpha=2),2.0,0,250,0.4694870761147121,2.1299840844940854
Power(alpha=2),2.0,1,25,0.3792842984030419,2.636544682209233
Power(alpha=2),2.0,1,50,0.4603577153673784,2.1722238307703217
Power(alpha=2),2.0,1,75,0.4596362796299247,2.1756333090267552
Power(alpha=2),2.0,1,100,0.4578080124368819,2.1843217524242657
Power(alpha=2),2.0,1,125,0.43748252023146533,2.2858056122354675
Power(alpha=2),2.0,1,150,0.4311779115920601,2.3192282654453455
Power(alpha=2),2.0,1,200,0.45548606144444376,2.195456863880282
Power(alpha=2),2.0,1,250,0.45409432043654097,2.202185658342205
Power(alpha=2),2.0,2,25,0.3796851007417459,2.6337614987957605
Power(alpha=2),2.0,2,50,0.46763136927767335,2.138436524360309
Power(alpha=2),2.0,2,75,0.4088354746881415,2.4459716974482144
Power(alpha=2),2.0,2,100,0.3797319977014835,2.633436228848231
Power(alpha=2),2.0,2,125,0.420413854373015,2.3786085772348105
Power(alpha=2),2.0,2,150,0.4321491967579385,2.314015639742434
Power(alpha=2),2.0,2,200,0.44266113105429233,2.259064394513893
Power(alpha=2),2.0,2,250,0.4516354273149871,2.21417528280518
Power(alpha=2),2.0,3,25,0.3149899267871135,3.1747046967500383
Power(alpha=2),2.0,3,50,0.465302083486271,2.1491414620530183
Power(alpha=2),2.0,3,75,0.5216177184303084,1.9171127909712806
Power(alpha=2),2.0,3,100,0.4888996157296376,2.0454096665786743
Power(alpha=2),2.0,3,125,0.45152865506914924,2.2146988652289528
Power(alpha=2),2.0,3,150,0.47190353682111674,2.119077146012295
Power(alpha=2),2.0,3,200,0.48388346284218925,2.0666133000832345
Power(alpha=2),2.0,3,250,0.46718097110909523,2.1404981406369865
Power(alpha=2),2.0,4,25,0.4789029909320773,2.088105564038605
Power(alpha=2),2.0,4,50,0.4549768860223993,2.1979138517176637
Power(alpha=2),2.0,4,75,0.4430763271549608,2.256947479954761
Power(alpha=2),2.0,4,100,0.48120437395455584,2.078119098922485
Power(alpha=2),2.0,4,125,0.4818538011932016,2.0753182760491398
Power(alpha=2),2.0,4,150,0.4620078406552774,2.164465431109729
Power(alpha=2),2.0,4,200,0.5027956581842156,1.9888795452438401
Power(alpha=2),2.0,4,250,0.5112479123252289,1.955998207311706
Power(alpha=2),2.0,5,25,0.7246867146065818,1.3799066270214162
Power(alpha=2),2.0,5,50,0.62412228973669,1.6022500981688836
Power(alpha=2),2.0,5,75,0.5124772740822613,1.9513060394547037
Power(alpha=2),2.0,5,100,0.5227528530260254,1.9129498657183126
Power(alpha=2),2.0,5,125,0.5337462366041289,1.87354950989881
Power(alpha=2),2.0,5,150,0.5393201762857215,1.8541861476182178
Power(alpha=2),2.0,5,200,0.5198628611431686,1.923584227196032
Power(alpha=2),2.0,5,250,0.5164563920085019,1.9362719011202363
Power(alpha=2),2.0,6,25,0.3785103140517363,2.6419359337809643
Power(alpha=2),2.0,6,50,0.45167543155967366,2.213979176478373
Power(alpha=2),2.0,6,75,0.4479145190111884,2.232568844179443
Power(alpha=2),2.0,6,100,0.44444955926436674,2.2499741065221346
Power(alpha=2),2.0,6,125,0.4535632461076809,2.2047641835656786
Power(alpha=2),2.0,6,150,0.44679641940561815,2.238155805568718
Power(alpha=2),2.0,6,200,0.4498310100086014,2.223057054205486
Power(alpha=2),2.0,6,250,0.47334930052839436,2.1126047907617305
Power(alpha=2),2.0,7,25,0.5109853891275741,1.9570031184401186
Power(alpha=2),2.0,7,50,0.48069625741370486,2.080315759852824
Power(alpha=2),2.0,7,75,0.5340209466980836,1.8725857219330466
Power(alpha=2),2.0,7,100,0.5012475475659705,1.9950222297464457
Power(alpha=2),2.0,7,125,0.5025668014345923,1.9897852328197354
Power(alpha=2),2.0,7,150,0.5305160218598062,1.8849572091985929
Power(alpha=2),2.0,7,200,0.5349608994972008,1.8692954960631332
Power(alpha=2),2.0,7,250,0.5112634602771284,1.9559387237608448
Power(alpha=2),2.0,8,25,0.5218873084779759,1.9161224727161588
Power(alpha=2),2.0,8,50,0.533084105139732,1.8758766025069908
Power(alpha=2),2.0,8,75,0.5395551651109485,1.853378606419921
Power(alpha=2),2.0,8,100,0.5453305219362611,1.8337502849636595
Power(alpha=2),2.0,8,125,0.5500031291619538,1.8181714739036334
Power(alpha=2),2.0,8,150,0.5486080602781871,1.8227949467109943
Power(alpha=2),2.0,8,200,0.5182006620856557,1.9297543850584766
Power(alpha=2),2.0,8,250,0.5089495307956181,1.9648313624275173
Power(alpha=2),2.0,9,25,0.608110782621943,1.6444372120625446
Power(alpha=2),2.0,9,50,0.5410177501542806,1.848368190719866
Power(alpha=2),2.0,9,75,0.5672400051903028,1.7629222037407446
Power(alpha=2),2.0,9,100,0.5692049282232149,1.7568365107475807
Power(alpha=2),2.0,9,125,0.5769607550417214,1.7332201389116797
Power(alpha=2),2.0,9,150,0.5466905229841683,1.8291884676203891
Power(alpha=2),2.0,9,200,0.5053458001763174,1.9788430014676992
Power(alpha=2),2.0,9,250,0.49303489599373723,2.028254000123964
Power(alpha=2),2.0,10,25,0.45226948950136503,2.211071105199949
Power(alpha=2),2.0,10,50,0.503776305612151,1.9850080062516542
Power(alpha=2),2.0,10,75,0.4996339845236411,2.001465134429188
Power(alpha=2),2.0,10,100,0.5170332694324282,1.9341115149084065
Power(alpha=2),2.0,10,125,0.5063940976367769,1.9747465554333408
Power(alpha=2),2.0,10,150,0.49823754628034805,2.0070747527271267
Power(alpha=2),2.0,10,200,0.47274901901955213,2.115287308419865
Power(alpha=2),2.0,10,250,0.4805633903188476,2.080890929574375
Power(alpha=2),2.0,11,25,0.7455823209006388,1.341233519045936
Power(alpha=2),2.0,11,50,0.5809806146890454,1.7212278253642315
Power(alpha=2),2.0,11,75,0.5263222805203543,1.8999765676105123
Power(alpha=2),2.0,11,100,0.49552024199689654,2.0180810292836897
Power(alpha=2),2.0,11,125,0.4924356226716416,2.0307222994442156
Power(alpha=2),2.0,11,150,0.5127288096181346,1.9503487637934187
Power(alpha=2),2.0,11,200,0.5115757049786993,1.9547448994702308
Power(alpha=2),2.0,11,250,0.5143315950360108,1.9442709910325173
Power(alpha=2),2.0,12,25,0.6339061148360474,1.5775206715881556
Power(alpha=2),2.0,12,50,0.5188784747731028,1.9272335404494934
Power(alpha=2),2.0,12,75,0.49751683372278743,2.009982240233488
Power(alpha=2),2.0,12,100,0.492717553193598,2.0295603302914627
Power(alpha=2),2.0,12,125,0.44943988133123913,2.2249916875155895
Power(alpha=2),2.0,12,150,0.4472833827459958,2.235719095712264
Power(alpha=2),2.0,12,200,0.46151112713365205,2.166794994111601
Power(alpha=2),2.0,12,250,0.4632822044932942,2.158511573078293
Power(alpha=2),2.0,13,25,0.489357902952824,2.043494125599937
Power(alpha=2),2.0,13,50,0.5949608624243276,1.6807828264959008
Power(alpha=2),2.0,13,75,0.6056770167009536,1.6510449834251164
Power(alpha=2),2.0,13,100,0.5458510536494189,1.8320015933179186
Power(alpha=2),2.0,13,125,0.5419572565206436,1.8451639644424784
Power(alpha=2),2.0,13,150,0.5271135553818727,1.8971244237411804
Power(alpha=2),2.0,13,200,0.49680262473507214,2.01287181309331
Power(alpha=2),2.0,13,250,0.49230779488419923,2.031249576771825
Power(alpha=2),2.0,14,25,0.5852465484412943,1.708681584988979
Power(alpha=2),2.0,14,50,0.494906705458247,2.0205828471733356
Power(alpha=2),2.0,14,75,0.4744705195402553,2.1076125045007297
Power(alpha=2),2.0,14,100,0.47061992078359666,2.1248569298447233
Power(alpha=2),2.0,14,125,0.45093990502201053,2.217590390345227
Power(alpha=2),2.0,14,150,0.4898322003877889,2.0415154397941233
Power(alpha=2),2.0,14,200,0.4827474381241441,2.071476554874722
Power(alpha=2),2.0,14,250,0.4734706019801157,2.1120635490733104
Power(alpha=2),2.0,15,25,0.4656527509337047,2.147523015798463
Power(alpha=2),2.0,15,50,0.5012361704681252,1.9950675129172315
Power(alpha=2),2.0,15,75,0.5396340997190046,1.8531075047346244
Power(alpha=2),2.0,15,100,0.49565720156960175,2.017523394865023
Power(alpha=2),2.0,15,125,0.5005668698119938,1.9977350885718557
Power(alpha=2),2.0,15,150,0.4912105865977429,2.0357867425583596
Power(alpha=2),2.0,15,200,0.5060865548840084,1.9759465853211475
Power(alpha=2),2.0,15,250,0.496688665564172,2.013333642039392
Power(alpha=2),2.0,16,25,0.4019082775213913,2.4881298941318164
Power(alpha=2),2.0,16,50,0.4398630069208457,2.273435101988361
Power(alpha=2),2.0,16,75,0.43954327358550416,2.2750888481187745
Power(alpha=2),2.0,16,100,0.430603679339457,2.3223210761552084
Power(alpha=2),2.0,16,125,0.47730464701114084,2.0950979762337383
Power(alpha=2),2.0,16,150,0.4914903923684902,2.0346277679630806
Power(alpha=2),2.0,16,200,0.4968865234758883,2.0125319419103254
Power(alpha=2),2.0,16,250,0.500214966396004,1.999140503941524
Power(alpha=2),2.0,17,25,0.6295192146564524,1.5885138637836973
Power(alpha=2),2.0,17,50,0.5184350013485857,1.9288821113519288
Power(alpha=2),2.0,17,75,0.45961098690783064,2.1757530356874124
Power(alpha=2),2.0,17,100,0.47742061680458603,2.0945890579528785
Power(alpha=2),2.0,17,125,0.4466820224161778,2.2387290059063325
Power(alpha=2),2.0,17,150,0.4482645307111533,2.2308256207858808
Power(alpha=2),2.0,17,200,0.47808496078285984,2.091678429629974
Power(alpha=2),2.0,17,250,0.48881944799563204,2.0457451193900447
Power(alpha=2),2.0,18,25,0.6112626077533949,1.6359580764728137
Power(alpha=2),2.0,18,50,0.5628915084348574,1.7765412784082326
Power(alpha=2),2.0,18,75,0.5453663045693581,1.833629968741171
Power(alpha=2),2.0,18,100,0.518897762257745,1.9271619049751918
Power(alpha=2),2.0,18,125,0.5250981249889752,1.9044059622589504
Power(alpha=2),2.0,18,150,0.5246907376780306,1.9058846062833235
Power(alpha=2),2.0,18,200,0.514283437093991,1.9444530542352247
Power(alpha=2),2.0,18,250,0.5164796517133748,1.9361847009511215
Power(alpha=2),2.0,19,25,0.2478195551619094,4.035194072342936
Power(alpha=2),2.0,19,50,0.37466699333525477,2.6690368187976268
Power(alpha=2),2.0,19,75,0.39770094084142493,2.514452185816501
Power(alpha=2),2.0,19,100,0.45106324139863024,2.216984024012374
Power(alpha=2),2.0,19,125,0.4668652849903555,2.141945507943813
Power(alpha=2),2.0,19,150,0.43718013080778956,2.2873866617686236
Power(alpha=2),2.0,19,200,0.4656398393823638,2.147582563653541
Power(alpha=2),2.0,19,250,0.4845576179310985,2.0637380633280946
Power(alpha=3),3.0,0,25,0.4223105677276692,2.367925589408549
Power(alpha=3),3.0,0,50,0.34960015189656474,2.8604106565029963
Power(alpha=3),3.0,0,75,0.32770908462322984,3.051486964878344
Power(alpha=3),3.0,0,100,0.4123882236104124,2.424899506695688
Power(alpha=3),3.0,0,125,0.3934139804720141,2.5418517125400837
Power(alpha=3),3.0,0,150,0.3891694559452743,2.5695747308098653
Power(alpha=3),3.0,0,200,0.37603131259689965,2.6593530019984963
Power(alpha=3),3.0,0,250,0.3798126152012042,2.6328772662547135
Power(alpha=3),3.0,1,25,0.320675111894947,3.1184209902999878
Power(alpha=3),3.0,1,50,0.3374883724660691,2.9630650463388615
Power(alpha=3),3.0,1,75,0.33511279170055763,2.9840699154616486
Power(alpha=3),3.0,1,100,0.31778363631426637,3.1467951326828802
Power(alpha=3),3.0,1,125,0.30975781235474925,3.2283285848324397
Power(alpha=3),3.0,1,150,0.3127898582256824,3.1970346023127307
Power(alpha=3),3.0,1,200,0.31880310061996214,3.1367323531526035
Power(alpha=3),3.0,1,250,0.3221002610354006,3.1046233765395628
Power(alpha=3),3.0,2,25,0.3798817956854559,2.6323977915172465
Power(alpha=3),3.0,2,50,0.32620695754760093,3.0655385388402623
Power(alpha=3),3.0,2,75,0.318592851788966,3.1388023754606835
Power(alpha=3),3.0,2,100,0.3157541423431152,3.167021001147617
Power(alpha=3),3.0,2,125,0.31418287504180525,3.182859663713179
Power(alpha=3),3.0,2,150,0.3190095343374923,3.134702547611201
Power(alpha=3),3.0,2,200,0.3302833330613838,3.0277034893981405
Power(alpha=3),3.0,2,250,0.33809363830822103,2.957760474299005
Power(alpha=3),3.0,3,25,0.4389090874285199,2.2783761572557064
Power(alpha=3),3.0,3,50,0.3468225159732896,2.88331914435744
Power(alpha=3),3.0,3,75,0.31157380753638636,3.2095124038409986
Power(alpha=3),3.0,3,100,0.3259511656247346,3.067944236626211
Power(alpha=3),3.0,3,125,0.32822604769076524,3.0466808074359157
Power(alpha=3),3.0,3,150,0.31016359939955074,3.2241049624646845
Power(alpha=3),3.0,3,200,0.3003801765220572,3.3291144960978114
Power(alpha=3),3.0,3,250,0.3148401195994479,3.1762152843552456
Power(alpha=3),3.0,4,25,0.3348547369536658,2.986369579530156
Power(alpha=3),3.0,4,50,0.3127485616685976,3.1974567514067256
Power(alpha=3),3.0,4,75,0.3002682953047095,3.330354938023707
Power(alpha=3),3.0,4,100,0.3419870724008964,2.9240871386733125
Power(alpha=3),3.0,4,125,0.35647465362288155,2.80524853544822
Power(alpha=3),3.0,4,150,0.35633633518066443,2.8063374437888706
Power(alpha=3),3.0,4,200,0.34532561408151546,2.895817626096934
Power(alpha=3),3.0,4,250,0.35002586509605077,2.8569317291040464
Power(alpha=3),3.0,5,25,0.281542380100287,3.5518631320932728
Power(alpha=3),3.0,5,50,0.2580828400335988,3.8747248746558034
Power(alpha=3),3.0,5,75,0.2663509568841804,3.754444931222223
Power(alpha=3),3.0,5,100,0.2829691369118338,3.5339543065135595
Power(alpha=3),3.0,5,125,0.2816963337475744,3.5499219556619828
Power(alpha=3),3.0,5,150,0.2879335379266219,3.4730236956795353
Power(alpha=3),3.0,5,200,0.29880558791103573,3.34665762776074
Power(alpha=3),3.0,5,250,0.30446879757884737,3.2844088062621033
Power(alpha=3),3.0,6,25,0.2222205397517427,4.50003407028516
Power(alpha=3),3.0,6,50,0.3468688826388707,2.882933725251774
Power(alpha=3),3.0,6,75,0.33408587696846437,2.9932423635327567
Power(alpha=3),3.0,6,100,0.3300651343060635,3.029705037166143
Power(alpha=3),3.0,6,125,0.31819477200662066,3.142729196000722
Power(alpha=3),3.0,6,150,0.3241108550608098,3.085364110413333
Power(alpha=3),3.0,6,200,0.34285761312804397,2.9166626661037243
Power(alpha=3),3.0,6,250,0.31982619205069523,3.126698265667658
Power(alpha=3),3.0,7,25,0.3146565696868726,3.1780680790969664
Power(alpha=3),3.0,7,50,0.3210780697505185,3.114507324580006
Power(alpha=3),3.0,7,75,0.3432388968730946,2.9134227184331296
Power(alpha=3),3.0,7,100,0.32853176805913015,3.0438456710220394
Power(alpha=3),3.0,7,125,0.307778856933371,3.249086080713086
Power(alpha=3),3.0,7,150,0.30136409307903184,3.318245348286244
Power(alpha=3),3.0,7,200,0.3068166627125009,3.259275396450807
Power(alpha=3),3.0,7,250,0.30327915167768743,3.2972922618260245
Power(alpha=3),3.0,8,25,0.33736179457805926,2.9641767860842303
Power(alpha=3),3.0,8,50,0.3399404514151641,2.941691686991129
Power(alpha=3),3.0,8,75,0.31972177506633004,3.1277194047622756
Power(alpha=3),3.0,8,100,0.3234877115981828,3.0913075339385396
Power(alpha=3),3.0,8,125,0.312715682638857,3.197792933061373
Power(alpha=3),3.0,8,150,0.3000797752418938,3.332447177401082
Power(alpha=3),3.0,8,200,0.312489205257007,3.2001105419867195
Power(alpha=3),3.0,8,250,0.31431009690708234,3.181571352114801
Power(alpha=3),3.0,9,25,0.3254484395392443,3.072683345527041
Power(alpha=3),3.0,9,50,0.39152124303488534,2.554139827122734
Power(alpha=3),3.0,9,75,0.3731415833138973,2.6799478930193947
Power(alpha=3),3.0,9,100,0.385151246475672,2.596382613714752
Power(alpha=3),3.0,9,125,0.3536556072970167,2.827609627464927
Power(alpha=3),3.0,9,150,0.3560630612834308,2.808491272291756
Power(alpha=3),3.0,9,200,0.36196908481971685,2.7626668738797466
Power(alpha=3),3.0,9,250,0.35051807282843866,2.8529199419895552
Power(alpha=3),3.0,10,25,0.3867113421172435,2.5859081208350467
Power(alpha=3),3.0,10,50,0.3497939306427367,2.858826046988659
Power(alpha=3),3.0,10,75,0.33388000442909005,2.99508801585745
Power(alpha=3),3.0,10,100,0.33925107874851584,2.9476693300105676
Power(alpha=3),3.0,10,125,0.32987943372904666,3.0314105632343566
Power(alpha=3),3.0,10,150,0.33685608161889374,2.968626824827115
Power(alpha=3),3.0,10,200,0.34919477066591226,2.863731315600764
Power(alpha=3),3.0,10,250,0.3534363154021585,2.8293640365228097
Power(alpha=3),3.0,11,25,0.3267873317254449,3.060094143551943
Power(alpha=3),3.0,11,50,0.29950615280360315,3.3388295720780587
Power(alpha=3),3.0,11,75,0.34530305812680406,2.896006787269097
Power(alpha=3),3.0,11,100,0.34607578950263684,2.8895404715745965
Power(alpha=3),3.0,11,125,0.3482171755014792,2.871771039322993
Power(alpha=3),3.0,11,150,0.33067706921231227,3.0240984123333536
Power(alpha=3),3.0,11,200,0.33104543204673503,3.0207334196317377
Power(alpha=3),3.0,11,250,0.3380798614806497,2.957881003678877
Power(alpha=3),3.0,12,25,0.2865012638086241,3.4903859993719806
Power(alpha=3),3.0,12,50,0.29877014563258447,3.347054632525968
Power(alpha=3),3.0,12,75,0.3360845886354111,2.9754414031903527
Power(alpha=3),3.0,12,100,0.3464545885831374,2.886381167845418
Power(alpha=3),3.0,12,125,0.32935080674101996,3.0362761515454095
Power(alpha=3),3.0,12,150,0.3217229391972323,3.108264528775021
Power(alpha=3),3.0,12,200,0.31766140408926463,3.1480059809815435
Power(alpha=3),3.0,12,250,0.3188491746751805,3.1362790918895262
Power(alpha=3),3.0,13,25,0.33644270076789673,2.9722743210585345
Power(alpha=3),3.0,13,50,0.30950186512857447,3.2309982997503943
Power(alpha=3),3.0,13,75,0.27818118334141334,3.5947794454979163
Power(alpha=3),3.0,13,100,0.2672579091585734,3.741704045909696
Power(alpha=3),3.0,13,125,0.27287014234030993,3.664746869787059
Power(alpha=3),3.0,13,150,0.30054768172331203,3.3272590700620097
Power(alpha=3),3.0,13,200,0.31268366188750796,3.198120406942666
Power(alpha=3),3.0,13,250,0.31274845054101824,3.1974578875454602
Power(alpha=3),3.0,14,25,0.19219730505386895,5.202986585684542
Power(alpha=3),3.0,14,50,0.29110594572038656,3.4351754565690706
Power(alpha=3),3.0,14,75,0.320254825405709,3.12251345075962
Power(alpha=3),3.0,14,100,0.30188708540403975,3.312496785550199
Power(alpha=3),3.0,14,125,0.2901906343728093,3.446010592868739
Power(alpha=3),3.0,14,150,0.31468039658174185,3.177827442899636
Power(alpha=3),3.0,14,200,0.32209389705294206,3.104684718182138
Power(alpha=3),3.0,14,250,0.32098287285681765,3.1154310231564124
Power(alpha=3),3.0,15,25,0.4246115247882835,2.3550938719777146
Power(alpha=3),3.0,15,50,0.4081352620338295,2.4501681011750267
Power(alpha=3),3.0,15,75,0.35912940631621365,2.7845116061576407
Power(alpha=3),3.0,15,100,0.37558300840566133,2.6625272645984976
Power(alpha=3),3.0,15,125,0.34951982957821354,2.8610680006532383
Power(alpha=3),3.0,15,150,0.3423713436883221,2.920805197149766
Power(alpha=3),3.0,15,200,0.3359892713278767,2.976285510688659
Power(alpha=3),3.0,15,250,0.34607973394506086,2.88950753804829
Power(alpha=3),3.0,16,25,0.27864296054815596,3.5888220467969685
Power(alpha=3),3.0,16,50,0.2952220637295074,3.3872807044538327
Power(alpha=3),3.0,16,75,0.29631739593140766,3.374759679082367
Power(alpha=3),3.0,16,100,0.3313955951014876,3.017541617273932
Power(alpha=3),3.0,16,125,0.31617701109924545,3.1627852908196035
Power(alpha=3),3.0,16,150,0.3167784931547367,3.1567799633150293
Power(alpha=3),3.0,16,200,0.334448274872237,2.9899989778150635
Power(alpha=3),3.0,16,250,0.3243289256913273,3.083289589013492
Power(alpha=3),3.0,17,25,0.4518196296935871,2.21327258551864
Power(alpha=3),3.0,17,50,0.39762158751927684,2.514953994924935
Power(alpha=3),3.0,17,75,0.35960901952836344,2.7807978824099737
Power(alpha=3),3.0,17,100,0.36029677908927,2.7754897019277323
Power(alpha=3),3.0,17,125,0.3697143209071453,2.7047910872004133
Power(alpha=3),3.0,17,150,0.36698301889737045,2.7249217225488502
Power(alpha=3),3.0,17,200,0.3617669206507236,2.764210719435771
Power(alpha=3),3.0,17,250,0.3616275866973478,2.7652757609914222
Power(alpha=3),3.0,18,25,0.3417768933469628,2.925885334749142
Power(alpha=3),3.0,18,50,0.37007033403273476,2.7021890382371057
Power(alpha=3),3.0,18,75,0.3458318062036127,2.8915790336856344
Power(alpha=3),3.0,18,100,0.3662769580553145,2.7301744704589956
Power(alpha=3),3.0,18,125,0.3941748283410133,2.5369453554625965
Power(alpha=3),3.0,18,150,0.38769650006800965,2.579337187270404
Power(alpha=3),3.0,18,200,0.3698544093214809,2.7037666032819705
Power(alpha=3),3.0,18,250,0.3621837751589604,2.761029258036492
Power(alpha=3),3.0,19,25,0.34064176457188255,2.935635333080184
Power(alpha=3),3.0,19,50,0.2622564365656295,3.813061799723457
Power(alpha=3),3.0,19,75,0.28989312593963024,3.4495471279586267
Power(alpha=3),3.0,19,100,0.27254301941033277,3.669145524855397
Power(alpha=3),3.0,19,125,0.2864684199616133,3.4907861750834512
Power(alpha=3),3.0,19,150,0.2881616331976949,3.4702746125607375
Power(alpha=3),3.0,19,200,0.323976445019984,3.086644153831358
Power(alpha=3),3.0,19,250,0.3191505230553945,3.133317753724726
Power(alpha=4),4.0,0,25,0.21563494283079274,4.637467318015768
Power(alpha=4),4.0,0,50,0.232158350413724,4.307404830444062
Power(alpha=4),4.0,0,75,0.2719917472594079,3.6765821392597826
Power(alpha=4),4.0,0,100,0.27781376220386356,3.599533702243974
Power(alpha=4),4.0,0,125,0.270663708190284,3.6946216642275975
Power(alpha=4),4.0,0,150,0.26499104243690547,3.773712465160405
Power(alpha=4),4.0,0,200,0.27905941600285317,3.583466253615953
Power(alpha=4),4.0,0,250,0.29198999473149423,3.4247748828502558
Power(alpha=4),4.0,1,25,0.23763646817690318,4.208108324752463
Power(alpha=4),4.0,1,50,0.2234992100120482,4.4742887455668985
Power(alpha=4),4.0,1,75,0.2421326544988871,4.129967525733281
Power(alpha=4),4.0,1,100,0.23659504558965247,4.226631193851741
Power(alpha=4),4.0,1,125,0.24255251061293048,4.122818590799159
Power(alpha=4),4.0,1,150,0.24212321512255797,4.130128535976279
Power(alpha=4),4.0,1,200,0.24755149462943546,4.039563572407102
Power(alpha=4),4.0,1,250,0.2630658392680733,3.8013297461285536
Power(alpha=4),4.0,2,25,0.1915128975678195,5.221580440272306
Power(alpha=4),4.0,2,50,0.21357882537151315,4.682112087940055
Power(alpha=4),4.0,2,75,0.22578213263801591,4.429048429634798
Power(alpha=4),4.0,2,100,0.2184402246655458,4.57791142419443
Power(alpha=4),4.0,2,125,0.20820036456630386,4.803065556984355
Power(alpha=4),4.0,2,150,0.21430496425152096,4.666247482845712
Power(alpha=4),4.0,2,200,0.22059952092885773,4.53310141286524
Power(alpha=4),4.0,2,250,0.2404248288629333,4.15930419802899
Power(alpha=4),4.0,3,25,0.23835340005307426,4.195450955502752
Power(alpha=4),4.0,3,50,0.2190756647806766,4.56463295912456
Power(alpha=4),4.0,3,75,0.2505923598200084,3.990544646765227
Power(alpha=4),4.0,3,100,0.2418256840823917,4.13521005345029
Power(alpha=4),4.0,3,125,0.21837543253563496,4.579269693429539
Power(alpha=4),4.0,3,150,0.21971480180558264,4.55135471885441
Power(alpha=4),4.0,3,200,0.22465322152196432,4.451304963379882
Power(alpha=4),4.0,3,250,0.23199486394030094,4.310440252924432
Power(alpha=4),4.0,4,25,0.2851956538314491,3.5063647940126073
Power(alpha=4),4.0,4,50,0.22409002306374923,4.462492289161484
Power(alpha=4),4.0,4,75,0.23509445914449453,4.253609394449304
Power(alpha=4),4.0,4,100,0.24648832802847526,4.05698723342582
Power(alpha=4),4.0,4,125,0.2438695977042753,4.100552136936046
Power(alpha=4),4.0,4,150,0.23416453782130625,4.270501457240771
Power(alpha=4),4.0,4,200,0.23416553365169615,4.270483296177249
Power(alpha=4),4.0,4,250,0.22990162871441405,4.349686453253488
Power(alpha=4),4.0,5,25,0.2721134418874664,3.6749378974580535
Power(alpha=4),4.0,5,50,0.2708167922421775,3.692533213028207
Power(alpha=4),4.0,5,75,0.2538240333154455,3.939737253947216
Power(alpha=4),4.0,5,100,0.27310404712396996,3.661608132617934
Power(alpha=4),4.0,5,125,0.27637681284274207,3.618248541598887
Power(alpha=4),4.0,5,150,0.2850268272035416,3.5084416783192345
Power(alpha=4),4.0,5,200,0.2736798860050078,3.6539038896767955
Power(alpha=4),4.0,5,250,0.2567067145270162,3.8954960794169584
Power(alpha=4),4.0,6,25,0.2340512714942927,4.272568115590796
Power(alpha=4),4.0,6,50,0.22203099576031135,4.503875670942484
Power(alpha=4),4.0,6,75,0.25069655984198264,3.9888860087681826
Power(alpha=4),4.0,6,100,0.2628324097510062,3.804705823560147
Power(alpha=4),4.0,6,125,0.2735243979043417,3.6559809935116827
Power(alpha=4),4.0,6,150,0.25262828821271427,3.958384894560957
Power(alpha=4),4.0,6,200,0.2496370981042256,4.005814871243582
Power(alpha=4),4.0,6,250,0.24300444307101948,4.115151095026456
Power(alpha=4),4.0,7,25,0.2159786357988436,4.630087583900528
Power(alpha=4),4.0,7,50,0.23494623166378023,4.256292994862969
Power(alpha=4),4.0,7,75,0.23087765640309058,4.331298297025739
Power(alpha=4),4.0,7,100,0.22279323077805777,4.488466711971965
Power(alpha=4),4.0,7,125,0.22863856987534018,4.3737152508661445
Power(alpha=4),4.0,7,150,0.22709299525274085,4.403482365834579
Power(alpha=4),4.0,7,200,0.23451015329688818,4.2642076939585944
Power(alpha=4),4.0,7,250,0.23824128036643946,4.197425393541781
Power(alpha=4),4.0,8,25,0.3020710183316639,3.310479785591458
Power(alpha=4),4.0,8,50,0.364912439383086,2.7403834237346936
Power(alpha=4),4.0,8,75,0.34340842967707913,2.911984428979628
Power(alpha=4),4.0,8,100,0.32441556712586833,3.0824661370581365
Power(alpha=4),4.0,8,125,0.3147700282788794,3.176922547130255
Power(alpha=4),4.0,8,150,0.30645850629231175,3.2630844942060837
Power(alpha=4),4.0,8,200,0.30282659282388996,3.302219896459206
Power(alpha=4),4.0,8,250,0.29370317392637696,3.404798070894091
Power(alpha=4),4.0,9,25,0.32748144374140187,3.0536081329531983
Power(alpha=4),4.0,9,50,0.30388767092639385,3.2906896056412074
Power(alpha=4),4.0,9,75,0.2620815430131827,3.815606350996262
Power(alpha=4),4.0,9,100,0.23240553203021697,4.302823565619693
Power(alpha=4),4.0,9,125,0.2432153235493388,4.111583042575602
Power(alpha=4),4.0,9,150,0.25666594071244503,3.896114915848329
Power(alpha=4),4.0,9,200,0.2569278425684487,3.8921433738096636
Power(alpha=4),4.0,9,250,0.2553220951474804,3.9166214714882983
Power(alpha=4),4.0,10,25,0.25453679778671373,3.9287050387030438
Power(alpha=4),4.0,10,50,0.2611543011308664,3.8291538591160035
Power(alpha=4),4.0,10,75,0.24433186232152557,4.0927940813714345
Power(alpha=4),4.0,10,100,0.25269240161099477,3.9573805687257733
Power(alpha=4),4.0,10,125,0.24559207727186422,4.07179258837827
Power(alpha=4),4.0,10,150,0.2585268119761219,3.868070751951106
Power(alpha=4),4.0,10,200,0.26858178845117947,3.723260634187681
Power(alpha=4),4.0,10,250,0.2678258939201331,3.733768924890453
Power(alpha=4),4.0,11,25,0.2712414361388524,3.6867523422493815
Power(alpha=4),4.0,11,50,0.23876381365095067,4.188239351302632
Power(alpha=4),4.0,11,75,0.23328365024557476,4.286627026571783
Power(alpha=4),4.0,11,100,0.2250954871047616,4.442559079536723
Power(alpha=4),4.0,11,125,0.22750049666682354,4.395594799357774
Power(alpha=4),4.0,11,150,0.2285219014566987,4.375948185384254
Power(alpha=4),4.0,11,200,0.24834913248459742,4.026589462969112
Power(alpha=4),4.0,11,250,0.23711297271158208,4.217398940952815
Power(alpha=4),4.0,12,25,0.2059178367899596,4.8563058722301
Power(alpha=4),4.0,12,50,0.24255115982328984,4.122841551153777
Power(alpha=4),4.0,12,75,0.2425182769122217,4.123400564824007
Power(alpha=4),4.0,12,100,0.25442374960313474,3.9304506814315068
Power(alpha=4),4.0,12,125,0.2683503464245461,3.726471805696651
Power(alpha=4),4.0,12,150,0.26253172835032396,3.8090634083877046
Power(alpha=4),4.0,12,200,0.2677184028404608,3.735268062972577
Power(alpha=4),4.0,12,250,0.2525564688026678,3.959510539329479
Power(alpha=4),4.0,13,25,0.18407163606547713,5.43266752757217
Power(alpha=4),4.0,13,50,0.18552899674763537,5.389993033597026
Power(alpha=4),4.0,13,75,0.22093601288016912,4.52619736802428
Power(alpha=4),4.0,13,100,0.233578815034641,4.281210176752094
Power(alpha=4),4.0,13,125,0.22733859191998637,4.398725229863119
Power(alpha=4),4.0,13,150,0.21719605569255757,4.604135175527803
Power(alpha=4),4.0,13,200,0.2192966074424362,4.560034063739417
Power(alpha=4),4.0,13,250,0.23285294020366243,4.294556036635656
Power(alpha=4),4.0,14,25,0.20749494931262638,4.819394415684452
Power(alpha=4),4.0,14,50,0.24195338054301208,4.133027601249943
Power(alpha=4),4.0,14,75,0.238422825731432,4.194229293827915
Power(alpha=4),4.0,14,100,0.2500163177998324,3.999738932242887
Power(alpha=4),4.0,14,125,0.2367504516252326,4.223856778879408
Power(alpha=4),4.0,14,150,0.2340487849911337,4.272613506786127
Power(alpha=4),4.0,14,200,0.23585858927439474,4.239828632387067
Power(alpha=4),4.0,14,250,0.2419984781280775,4.13225739159711
Power(alpha=4),4.0,15,25,0.2193058999918337,4.5598408434849995
Power(alpha=4),4.0,15,50,0.2455324767876414,4.072780974163716
Power(alpha=4),4.0,15,75,0.2511970029239093,3.9809392164719117
Power(alpha=4),4.0,15,100,0.26430378823000233,3.783525036462135
Power(alpha=4),4.0,15,125,0.2567935090896904,3.8941794266720717
Power(alpha=4),4.0,15,150,0.25899412532599686,3.8610914388166
Power(alpha=4),4.0,15,200,0.2543523607505764,3.9315538375545978
Power(alpha=4),4.0,15,250,0.2564163141244102,3.899907864344434
Power(alpha=4),4.0,16,25,0.35581039678004883,2.810485609891185
Power(alpha=4),4.0,16,50,0.2569218164978844,3.8922346635683014
Power(alpha=4),4.0,16,75,0.23455226803513662,4.263442039495423
Power(alpha=4),4.0,16,100,0.23357085961204063,4.2813559947546205
Power(alpha=4),4.0,16,125,0.22288008045721558,4.486717691184437
Power(alpha=4),4.0,16,150,0.22733220780841493,4.398848758125614
Power(alpha=4),4.0,16,200,0.22555383820343955,4.433531293304991
Power(alpha=4),4.0,16,250,0.22427903519627093,4.458731504373026
Power(alpha=4),4.0,17,25,0.27858424285636063,3.5895784691440884
Power(alpha=4),4.0,17,50,0.2573949862800221,3.8850795598329637
Power(alpha=4),4.0,17,75,0.28978942704328053,3.45078152161379
Power(alpha=4),4.0,17,100,0.2865235244477843,3.490114823651204
Power(alpha=4),4.0,17,125,0.286941353530244,3.4850326998774634
Power(alpha=4),4.0,17,150,0.29513387759803417,3.3882928254071123
Power(alpha=4),4.0,17,200,0.29517590899172524,3.3878103515149447
Power(alpha=4),4.0,17,250,0.296789242530617,3.3693943603661416
Power(alpha=4),4.0,18,25,0.3053886624231527,3.2745157991961724
Power(alpha=4),4.0,18,50,0.24565974682028974,4.070670970492945
Power(alpha=4),4.0,18,75,0.2875793091076034,3.4773016289076297
Power(alpha=4),4.0,18,100,0.31256339146971945,3.1993510030008685
Power(alpha=4),4.0,18,125,0.28264580855357785,3.5379969195985503
Power(alpha=4),4.0,18,150,0.2797718349545447,3.574341213305023
Power(alpha=4),4.0,18,200,0.28901837437069794,3.459987629427981
Power(alpha=4),4.0,18,250,0.2726848465178047,3.667237152229161
Power(alpha=4),4.0,19,25,0.294362459717712,3.3971723193201364
Power(alpha=4),4.0,19,50,0.3068311278671064,3.259121742149696
Power(alpha=4),4.0,19,75,0.2805369981107415,3.5645922168356976
Power(alpha=4),4.0,19,100,0.3039811087756901,3.289678111997109
Power(alpha=4),4.0,19,125,0.2886277080141949,3.464670827621371
Power(alpha=4),4.0,19,150,0.2830021262434226,3.5335423562855355
Power(alpha=4),4.0,19,200,0.264604253498537,3.779228741708527
Power(alpha=4),4.0,19,250,0.269946413217794,3.7044389220804184
Power(alpha=5),5.0,0,25,0.24214210274490067,4.129806376768401
Power(alpha=5),5.0,0,50,0.22487390435462806,4.446936619301951
Power(alpha=5),5.0,0,75,0.21588145689302934,4.632171814995238
Power(alpha=5),5.0,0,100,0.2042441582678925,4.8961008651634055
Power(alpha=5),5.0,0,125,0.20632967554698117,4.84661257450725
Power(alpha=5),5.0,0,150,0.20629503124125742,4.84742649390582
Power(alpha=5),5.0,0,200,0.20370352397904565,4.909095240310457
Power(alpha=5),5.0,0,250,0.20337147601565447,4.917110401082132
Power(alpha=5),5.0,1,25,0.11297607611002247,8.851431510385824
Power(alpha=5),5.0,1,50,0.14938723874960286,6.694012208607467
Power(alpha=5),5.0,1,75,0.1568657746670013,6.3748768788018015
Power(alpha=5),5.0,1,100,0.16346091371768176,6.117670440330035
Power(alpha=5),5.0,1,125,0.16611576166292433,6.019898352747292
Power(alpha=5),5.0,1,150,0.1708125892732818,5.85436942472728
Power(alpha=5),5.0,1,200,0.17338714769677552,5.767440166608133
Power(alpha=5),5.0,1,250,0.17670190361107466,5.659248596444242
Power(alpha=5),5.0,2,25,0.16814337345579455,5.947305442060156
Power(alpha=5),5.0,2,50,0.1727567854090582,5.788484646968701
Power(alpha=5),5.0,2,75,0.1766648477852166,5.660435635819117
Power(alpha=5),5.0,2,100,0.19240043841723822,5.197493354102485
Power(alpha=5),5.0,2,125,0.19061623074479955,5.246142975824646
Power(alpha=5),5.0,2,150,0.19522289781164864,5.122349945674926
Power(alpha=5),5.0,2,200,0.19844223104426356,5.039249935548975
Power(alpha=5),5.0,2,250,0.19494586825435878,5.129629106553999
Power(alpha=5),5.0,3,25,0.21968079904183496,4.552059189340279
Power(alpha=5),5.0,3,50,0.22014178696308812,4.542526949541267
Power(alpha=5),5.0,3,75,0.20231669054749687,4.942745936056299
Power(alpha=5),5.0,3,100,0.19551632311845998,5.114662469353606
Power(alpha=5),5.0,3,125,0.19105484522664365,5.234099134275944
Power(alpha=5),5.0,3,150,0.1923809490651039,5.198019891572469
Power(alpha=5),5.0,3,200,0.19533125438455787,5.119508412264905
Power(alpha=5),5.0,3,250,0.1933849307079502,5.171033732251865
Power(alpha=5),5.0,4,25,0.15289602520064696,6.540392392069644
Power(alpha=5),5.0,4,50,0.20683461376672685,4.834780706133764
Power(alpha=5),5.0,4,75,0.19483561098470845,5.132531958331192
Power(alpha=5),5.0,4,100,0.20670471806797192,4.837818939726205
Power(alpha=5),5.0,4,125,0.20211791469841786,4.947606952565832
Power(alpha=5),5.0,4,150,0.20247420291399912,4.93890078641154
Power(alpha=5),5.0,4,200,0.2054274329080053,4.867899023242046
Power(alpha=5),5.0,4,250,0.21807325121212534,4.585615129052553
Power(alpha=5),5.0,5,25,0.21619618815056152,4.625428452529369
Power(alpha=5),5.0,5,50,0.25137734086066094,3.9780832933319252
Power(alpha=5),5.0,5,75,0.22871497757737344,4.372254106802882
Power(alpha=5),5.0,5,100,0.2143073402661686,4.666195748395763
Power(alpha=5),5.0,5,125,0.19910492066580696,5.022477579439019
Power(alpha=5),5.0,5,150,0.2018154142010375,4.955022905256655
Power(alpha=5),5.0,5,200,0.1978319013420277,5.054796487403311
Power(alpha=5),5.0,5,250,0.1945647974848476,5.139675896806967
Power(alpha=5),5.0,6,25,0.17988025676723532,5.559253794561778
Power(alpha=5),5.0,6,50,0.20253484959357249,4.937421890636125
Power(alpha=5),5.0,6,75,0.19426296360100048,5.147661610135396
Power(alpha=5),5.0,6,100,0.19649226770869332,5.089258786928629
Power(alpha=5),5.0,6,125,0.1956540191708117,5.111062907054164
Power(alpha=5),5.0,6,150,0.1862266322885202,5.369801234716546
Power(alpha=5),5.0,6,200,0.184334407474738,5.424923180101601
Power(alpha=5),5.0,6,250,0.18706586205517864,5.345710804812858
Power(alpha=5),5.0,7,25,0.19003669457700606,5.262141620732007
Power(alpha=5),5.0,7,50,0.17291529360741267,5.78317845193267
Power(alpha=5),5.0,7,75,0.19393580531159657,5.156345412304347
Power(alpha=5),5.0,7,100,0.19357055225421582,5.166075047854913
Power(alpha=5),5.0,7,125,0.20152059164889302,4.962272052784999
Power(alpha=5),5.0,7,150,0.2128010835381801,4.6992241927216645
Power(alpha=5),5.0,7,200,0.19478123851935752,5.13396468572418
Power(alpha=5),5.0,7,250,0.19432116967184535,5.146119703214648
Power(alpha=5),5.0,8,25,0.17155154857306987,5.829151694157192
Power(alpha=5),5.0,8,50,0.20419782990149427,4.897211691634546
Power(alpha=5),5.0,8,75,0.18007118696705302,5.5533592955266435
Power(alpha=5),5.0,8,100,0.19004792485283895,5.261830671260086
Power(alpha=5),5.0,8,125,0.1865883107588485,5.35939253607599
Power(alpha=5),5.0,8,150,0.1829287456047868,5.46660939861511
Power(alpha=5),5.0,8,200,0.1846181139273808,5.416586589078405
Power(alpha=5),5.0,8,250,0.18050676344687255,5.539958619303059
Power(alpha=5),5.0,9,25,0.14032009500331394,7.126563019903764
Power(alpha=5),5.0,9,50,0.16989442958053044,5.886008166771572
Power(alpha=5),5.0,9,75,0.16665772659160502,6.000321859966933
Power(alpha=5),5.0,9,100,0.159266621379706,6.2787795166189255
Power(alpha=5),5.0,9,125,0.1840835406553657,5.432316199698497
Power(alpha=5),5.0,9,150,0.18791498467470003,5.321555392355228
Power(alpha=5),5.0,9,200,0.19413748317646654,5.150988792262352
Power(alpha=5),5.0,9,250,0.18504835719017437,5.4039928545396325
Power(alpha=5),5.0,10,25,0.2254360156840081,4.435848446690489
Power(alpha=5),5.0,10,50,0.2074474251313148,4.820498491928724
Power(alpha=5),5.0,10,75,0.18654105341789842,5.360750256726336
Power(alpha=5),5.0,10,100,0.1959828586583017,5.102487058541743
Power(alpha=5),5.0,10,125,0.20122724157355926,4.969506077706914
Power(alpha=5),5.0,10,150,0.19397563479951338,5.1552866473852035
Power(alpha=5),5.0,10,200,0.19453870506132398,5.1403652537153075
Power(alpha=5),5.0,10,250,0.19795414151941465,5.051675061326885
Power(alpha=5),5.0,11,25,0.1393403862911434,7.176670214696835
Power(alpha=5),5.0,11,50,0.13992806885430847,7.146528985840495
Power(alpha=5),5.0,11,75,0.17505838135944554,5.712380019935809
Power(alpha=5),5.0,11,100,0.1794457943115151,5.572713497336224
Power(alpha=5),5.0,11,125,0.18126562276677627,5.51676586401957
Power(alpha=5),5.0,11,150,0.18460475665144693,5.416978512033167
Power(alpha=5),5.0,11,200,0.18660539247239163,5.35890194142139
Power(alpha=5),5.0,11,250,0.1884601386081639,5.306161862053735
Power(alpha=5),5.0,12,25,0.20794436608955483,4.808978568668375
Power(alpha=5),5.0,12,50,0.2181431767888672,4.5841452147176875
Power(alpha=5),5.0,12,75,0.222278498385154,4.498860696221034
Power(alpha=5),5.0,12,100,0.2486047646896598,4.022449051804488
Power(alpha=5),5.0,12,125,0.24175539779147737,4.136412295797157
Power(alpha=5),5.0,12,150,0.24888357136619396,4.017942986396051
Power(alpha=5),5.0,12,200,0.24745000917692594,4.041220298702852
Power(alpha=5),5.0,12,250,0.23598441469175743,4.237567982216956
Power(alpha=5),5.0,13,25,0.2116509733505267,4.724759750307623
Power(alpha=5),5.0,13,50,0.21400356087512076,4.67281944239955
Power(alpha=5),5.0,13,75,0.21715624920616955,4.604979150522136
Power(alpha=5),5.0,13,100,0.24081432925162258,4.15257681346328
Power(alpha=5),5.0,13,125,0.22892170578404683,4.368305733940972
Power(alpha=5),5.0,13,150,0.22391998839411276,4.465880903137327
Power(alpha=5),5.0,13,200,0.21628835100367838,4.623457506423881
Power(alpha=5),5.0,13,250,0.22106220510263092,4.523613611543128
Power(alpha=5),5.0,14,25,0.2179233951940061,4.588768448241874
Power(alpha=5),5.0,14,50,0.26594235889006634,3.7602133190575104
Power(alpha=5),5.0,14,75,0.2602618092383916,3.842284824370953
Power(alpha=5),5.0,14,100,0.2419535423750186,4.133024836850865
Power(alpha=5),5.0,14,125,0.2453917058891938,4.07511735727347
Power(alpha=5),5.0,14,150,0.2341590811193806,4.270600974429743
Power(alpha=5),5.0,14,200,0.22470288449989076,4.4503211528665805
Power(alpha=5),5.0,14,250,0.2342120841024147,4.269634523053587
Power(alpha=5),5.0,15,25,0.2241832692902988,4.460636171315187
Power(alpha=5),5.0,15,50,0.19681015752108869,5.081038563229886
Power(alpha=5),5.0,15,75,0.19355632391814537,5.166454806317247
Power(alpha=5),5.0,15,100,0.1899115196847446,5.265610014916484
Power(alpha=5),5.0,15,125,0.1987648199093498,5.031071396115609
Power(alpha=5),5.0,15,150,0.19456860343275792,5.139575359832378
Power(alpha=5),5.0,15,200,0.20463170299686007,4.886828313281175
Power(alpha=5),5.0,15,250,0.20160815362331194,4.960116850573498
Power(alpha=5),5.0,16,25,0.22285848405365907,4.48715248264555
Power(alpha=5),5.0,16,50,0.21788181317444402,4.589644199442034
Power(alpha=5),5.0,16,75,0.19981333797315648,5.004670910078801
Power(alpha=5),5.0,16,100,0.1938156927012921,5.159540933257637
Power(alpha=5),5.0,16,125,0.20728589606946404,4.824254900897299
Power(alpha=5),5.0,16,150,0.2126694136211323,4.7021336212525915
Power(alpha=5),5.0,16,200,0.20589661308844087,4.856806457377032
Power(alpha=5),5.0,16,250,0.19943245103378482,5.014229102718069
Power(alpha=5),5.0,17,25,0.19093396383911845,5.237412872455752
Power(alpha=5),5.0,17,50,0.20918950147848409,4.780354620725809
Power(alpha=5),5.0,17,75,0.21337029673222474,4.686687956641777
Power(alpha=5),5.0,17,100,0.2036766056475466,4.909744036732701
Power(alpha=5),5.0,17,125,0.19810082444032096,5.047934569809203
Power(alpha=5),5.0,17,150,0.20255475882932913,4.936936588305937
Power(alpha=5),5.0,17,200,0.2126766506724099,4.701973615055279
Power(alpha=5),5.0,17,250,0.20109933839170374,4.972666782484326
Power(alpha=5),5.0,18,25,0.21663263769509583,4.61610960675035
Power(alpha=5),5.0,18,50,0.21111801722102,4.736687153295389
Power(alpha=5),5.0,18,75,0.21342848679322363,4.68541015787097
Power(alpha=5),5.0,18,100,0.2112526721673986,4.733667933002952
Power(alpha=5),5.0,18,125,0.20192352820774004,4.952369884163248
Power(alpha=5),5.0,18,150,0.1967962809956039,5.081396838095423
Power(alpha=5),5.0,18,200,0.19597812688766963,5.102610254935124
Power(alpha=5),5.0,18,250,0.19513348438483807,5.124697092108607
Power(alpha=5),5.0,19,25,0.18181661499817978,5.500047396713503
Power(alpha=5),5.0,19,50,0.1810035317930993,5.524754075755138
Power(alpha=5),5.0,19,75,0.1738431125922106,5.7523130199913775
Power(alpha=5),5.0,19,100,0.18727011346244138,5.339880355231154
Power(alpha=5),5.0,19,125,0.17826200046984186,5.6097205089380715
Power(alpha=5),5.0,19,150,0.19100638093278566,5.235427188958131
Power(alpha=5),5.0,19,200,0.18729803088239133,5.339084427576938
Power(alpha=5),5.0,19,250,0.18881485645612556,5.296193418087138
Power(alpha=10),10.0,0,25,0.06683114090483161,14.963084371461093
Power(alpha=10),10.0,0,50,0.09497454969331943,10.529136523722213
Power(alpha=10),10.0,0,75,0.09774096614648813,10.231124567576524
Power(alpha=10),10.0,0,100,0.10457836253219088,9.562207475682975
Power(alpha=10),10.0,0,125,0.1027308835545022,9.73417112167118
Power(alpha=10),10.0,0,150,0.09506439197677748,10.519185777197018
Power(alpha=10),10.0,0,200,0.09547267242291176,10.47420140886323
Power(alpha=10),10.0,0,250,0.09563087025454399,10.456874410305641
Power(alpha=10),10.0,1,25,0.10591700862772216,9.441354254204883
Power(alpha=10),10.0,1,50,0.10424843075066288,9.592470532163299
Power(alpha=10),10.0,1,75,0.10791020370945527,9.266964250132153
Power(alpha=10),10.0,1,100,0.10319718645692527,9.690186664317658
Power(alpha=10),10.0,1,125,0.09667951319098951,10.343452992202277
Power(alpha=10),10.0,1,150,0.09347945843854727,10.697537370281118
Power(alpha=10),10.0,1,200,0.09022117723374556,11.083872220035369
Power(alpha=10),10.0,1,250,0.09419529854562601,10.61624110162593
Power(alpha=10),10.0,2,25,0.08457205138136023,11.824237247015638
Power(alpha=10),10.0,2,50,0.09107013661515001,10.980547928964505
Power(alpha=10),10.0,2,75,0.09375239277005258,10.666394429555625
Power(alpha=10),10.0,2,100,0.09903522283478361,10.097417579079504
Power(alpha=10),10.0,2,125,0.09565767950005205,10.45394374216924
Power(alpha=10),10.0,2,150,0.10228516028969818,9.776589264442075
Power(alpha=10),10.0,2,200,0.10669389566062616,9.372607437456569
Power(alpha=10),10.0,2,250,0.10604266750932599,9.43016639893611
Power(alpha=10),10.0,3,25,0.10468871968603143,9.552127516690126
Power(alpha=10),10.0,3,50,0.0929278366595066,10.761038198533154
Power(alpha=10),10.0,3,75,0.08695811470460313,11.499789334175444
Power(alpha=10),10.0,3,100,0.08843802023843553,11.307353978570813
Power(alpha=10),10.0,3,125,0.08881696956228045,11.259109660331042
Power(alpha=10),10.0,3,150,0.0915140679533218,10.92728169957504
Power(alpha=10),10.0,3,200,0.09230369092503433,10.833802960405595
Power(alpha=10),10.0,3,250,0.09581853010889782,10.436394702188599
Power(alpha=10),10.0,4,25,0.14328002233452966,6.979340062253786
Power(alpha=10),10.0,4,50,0.12121482804474919,8.24981577031836
Power(alpha=10),10.0,4,75,0.11286621272477762,8.860047447844142
Power(alpha=10),10.0,4,100,0.11014272652928588,9.079128795073997
Power(alpha=10),10.0,4,125,0.10460069771516424,9.560165676170508
Power(alpha=10),10.0,4,150,0.10675021513562773,9.367662619972103
Power(alpha=10),10.0,4,200,0.1092047283231177,9.157112657623896
Power(alpha=10),10.0,4,250,0.10870081977022311,9.199562635441453
Power(alpha=10),10.0,5,25,0.0896658471563843,11.15251828553988
Power(alpha=10),10.0,5,50,0.0833375337644392,11.999395168407396
Power(alpha=10),10.0,5,75,0.08534540849867742,11.717091963014001
Power(alpha=10),10.0,5,100,0.09286101229778977,10.768782024399721
Power(alpha=10),10.0,5,125,0.09176422439396495,10.897493076460492
Power(alpha=10),10.0,5,150,0.09097904553081917,10.991541999209584
Power(alpha=10),10.0,5,200,0.09751367658821385,10.254971763836322
Power(alpha=10),10.0,5,250,0.09809132809049825,10.194581105858902
Power(alpha=10),10.0,6,25,0.09856103475017497,10.145997376495936
Power(alpha=10),10.0,6,50,0.10766197409153698,9.28833052187743
Power(alpha=10),10.0,6,75,0.10738342320423766,9.312424303125933
Power(alpha=10),10.0,6,100,0.10836580252922719,9.228003453675262
Power(alpha=10),10.0,6,125,0.1037678954396968,9.63689198631898
Power(alpha=10),10.0,6,150,0.10591575296738967,9.44146618405186
Power(alpha=10),10.0,6,200,0.09991488585716764,10.008518664871822
Power(alpha=10),10.0,6,250,0.09526142828194686,10.497428162007848
Power(alpha=10),10.0,7,25,0.10520981623007472,9.504816525990142
Power(alpha=10),10.0,7,50,0.09485176630597351,10.542766244059102
Power(alpha=10),10.0,7,75,0.10405695648585594,9.610121550459974
Power(alpha=10),10.0,7,100,0.09777143266675459,10.227936450603245
Power(alpha=10),10.0,7,125,0.1014331809867869,9.858706887347486
Power(alpha=10),10.0,7,150,0.1035212934111963,9.659848394937514
Power(alpha=10),10.0,7,200,0.10112500624086332,9.888750934839624
Power(alpha=10),10.0,7,250,0.10044425381521745,9.955771107022736
Power(alpha=10),10.0,8,25,0.12439873121715622,8.038667197130438
Power(alpha=10),10.0,8,50,0.13028191161011501,7.6756626276149955
Power(alpha=10),10.0,8,75,0.12257228177588028,8.158451368544071
Power(alpha=10),10.0,8,100,0.1162416925221632,8.60276530995396
Power(alpha=10),10.0,8,125,0.11291239274496828,8.856423778554309
Power(alpha=10),10.0,8,150,0.11193826556427297,8.933495574181626
Power(alpha=10),10.0,8,200,0.11205592647930765,8.924115229056278
Power(alpha=10),10.0,8,250,0.10837866453130654,9.226908306395835
Power(alpha=10),10.0,9,25,0.09443809598442582,10.588947072428422
Power(alpha=10),10.0,9,50,0.11774746829546257,8.492751602019245
Power(alpha=10),10.0,9,75,0.12013521369657035,8.323954061676991
Power(alpha=10),10.0,9,100,0.11232586736045427,8.902668846446518
Power(alpha=10),10.0,9,125,0.10544493586056668,9.483622820182973
Power(alpha=10),10.0,9,150,0.10321953777607554,9.688088336235335
Power(alpha=10),10.0,9,200,0.1035209711840406,9.659878462907676
Power(alpha=10),10.0,9,250,0.10026485042654698,9.973584917803173
Power(alpha=10),10.0,10,25,0.09863437652946383,10.138453095014823
Power(alpha=10),10.0,10,50,0.09509084593311337,10.516259374781429
Power(alpha=10),10.0,10,75,0.09119489030517038,10.965526650162593
Power(alpha=10),10.0,10,100,0.090416519744582,11.059925805869373
Power(alpha=10),10.0,10,125,0.08968675659969345,11.149918203234678
Power(alpha=10),10.0,10,150,0.0901271928962315,11.095430445186018
Power(alpha=10),10.0,10,200,0.09285160030501821,10.769873612463247
Power(alpha=10),10.0,10,250,0.09594564573710344,10.422567822828116
Power(alpha=10),10.0,11,25,0.1031422894761819,9.695344218928984
Power(alpha=10),10.0,11,50,0.10403805340399604,9.611867651126108
Power(alpha=10),10.0,11,75,0.10928216066481947,9.15062434633875
Power(alpha=10),10.0,11,100,0.10888765664699637,9.18377739767058
Power(alpha=10),10.0,11,125,0.10641024924253115,9.397590994461366
Power(alpha=10),10.0,11,150,0.11165787280491782,8.955929168981593
Power(alpha=10),10.0,11,200,0.10873873419141084,9.196354982758196
Power(alpha=10),10.0,11,250,0.11035142282555609,9.061958372578516
Power(alpha=10),10.0,12,25,0.09873580341620285,10.128038314376008
Power(alpha=10),10.0,12,50,0.09045017285998921,11.055810822472752
Power(alpha=10),10.0,12,75,0.08825106004440181,11.331308649401711
Power(alpha=10),10.0,12,100,0.09452750272369141,10.578931751990208
Power(alpha=10),10.0,12,125,0.09887308564057509,10.113975846118679
Power(alpha=10),10.0,12,150,0.09942529575494713,10.05780261860818
Power(alpha=10),10.0,12,200,0.1025860093557237,9.747917930333312
Power(alpha=10),10.0,12,250,0.09728781987140324,10.278779001542205
Power(alpha=10),10.0,13,25,0.1029149591151766,9.716760406821486
Power(alpha=10),10.0,13,50,0.08911962269322427,11.220873358522754
Power(alpha=10),10.0,13,75,0.09884178617977114,10.117178560302657
Power(alpha=10),10.0,13,100,0.10038257109056761,9.961888693783063
Power(alpha=10),10.0,13,125,0.09863939113668307,10.13793767861275
Power(alpha=10),10.0,13,150,0.10116409025360752,9.884930487617764
Power(alpha=10),10.0,13,200,0.09740511375986896,10.266401438278503
Power(alpha=10),10.0,13,250,0.09400811758452715,10.637379257178006
Power(alpha=10),10.0,14,25,0.11715675754003659,8.535572518369372
Power(alpha=10),10.0,14,50,0.10044506555400545,9.955690650252386
Power(alpha=10),10.0,14,75,0.09674210396941536,10.33676092382843
Power(alpha=10),10.0,14,100,0.09667882134059451,10.34352701174388
Power(alpha=10),10.0,14,125,0.10129076108225517,9.8725687250778
Power(alpha=10),10.0,14,150,0.09851222959394891,10.151023929940823
Power(alpha=10),10.0,14,200,0.10138834604595973,9.863066506151467
Power(alpha=10),10.0,14,250,0.10097668761120021,9.903275930880122
Power(alpha=10),10.0,15,25,0.11068894087152653,9.03432621295628
Power(alpha=10),10.0,15,50,0.10692019710455682,9.352769888949084
Power(alpha=10),10.0,15,75,0.09964119501766332,10.03600970284159
Power(alpha=10),10.0,15,100,0.09683827975744987,10.326494878933131
Power(alpha=10),10.0,15,125,0.09905574353217256,10.095325766498412
Power(alpha=10),10.0,15,150,0.09938128703342528,10.062256485606452
Power(alpha=10),10.0,15,200,0.10064712171669474,9.935703902341462
Power(alpha=10),10.0,15,250,0.10064330132932775,9.936081058467794
Power(alpha=10),10.0,16,25,0.12322816811354494,8.11502771897558
Power(alpha=10),10.0,16,50,0.12225844729365992,8.179393916217828
Power(alpha=10),10.0,16,75,0.11625667381902706,8.601656723438236
Power(alpha=10),10.0,16,100,0.1055967271497203,9.469990472168234
Power(alpha=10),10.0,16,125,0.10456116081309139,9.563780587588855
Power(alpha=10),10.0,16,150,0.10434070015002912,9.58398782605563
Power(alpha=10),10.0,16,200,0.11078156283227569,9.026772817007549
Power(alpha=10),10.0,16,250,0.10685592517477606,9.358395412929854
Power(alpha=10),10.0,17,25,0.10185733262919473,9.81765351779275
Power(alpha=10),10.0,17,50,0.11548652277894803,8.659019043409016
Power(alpha=10),10.0,17,75,0.12592718336253098,7.941097174556079
Power(alpha=10),10.0,17,100,0.11214928980285613,8.91668597953558
Power(alpha=10),10.0,17,125,0.11466924073799264,8.720734466925586
Power(alpha=10),10.0,17,150,0.11088474081857873,9.01837342647646
Power(alpha=10),10.0,17,200,0.1002015887970705,9.979881676579124
Power(alpha=10),10.0,17,250,0.09825713671040431,10.177377781191861
Power(alpha=10),10.0,18,25,0.12554959196901244,7.964980087285471
Power(alpha=10),10.0,18,50,0.13311856527465735,7.512100193814037
Power(alpha=10),10.0,18,75,0.13921150811352725,7.183314178196375
Power(alpha=10),10.0,18,100,0.12826906254052378,7.796112173846067
Power(alpha=10),10.0,18,125,0.11582373558425815,8.633808907609712
Power(alpha=10),10.0,18,150,0.11380592008386863,8.786889111419297
Power(alpha=10),10.0,18,200,0.10852642117247648,9.214346047684941
Power(alpha=10),10.0,18,250,0.10357375978612976,9.654955097361606
Power(alpha=10),10.0,19,25,0.08727430901843572,11.45812566432077
Power(alpha=10),10.0,19,50,0.08076569325205953,12.381494663571157
Power(alpha=10),10.0,19,75,0.08213990521865946,12.174350546643108
Power(alpha=10),10.0,19,100,0.08771150082687777,11.40101344262446
Power(alpha=10),10.0,19,125,0.08719740729106908,11.468230892025868
Power(alpha=10),10.0,19,150,0.09254526685459269,10.80552289693218
Power(alpha=10),10.0,19,200,0.09002721035135497,11.10775282381
Power(alpha=10),10.0,19,250,0.09249457270890368,10.811445155243561
